tempo,mfcc_mean,mfcc_var,spectral_centroid,spectral_rolloff,energy,zcr,chroma,label
95.703125,-10.465249061584473,7061.22900390625,1506.2569038590957,2713.6669241607005,0.036756183952093124,0.09957158233359133,0.24790318310260773,Classical
117.45383522727273,-14.95254135131836,9696.7548828125,1292.0718082135227,2324.3526116244193,0.02932753413915634,0.0787493348490712,0.22548513114452362,Classical
99.38401442307692,-8.162538528442383,6137.7646484375,1457.7634702461064,2698.150351320627,0.04789436608552933,0.08893672600619196,0.27110055088996887,Classical
123.046875,-13.468756675720215,9692.837890625,1557.6401937954122,2893.382504111842,0.030865509063005447,0.11472795327012383,0.22205576300621033,Classical
112.34714673913044,-14.175780296325684,6365.79833984375,1722.4933043094943,3252.097001681018,0.042529672384262085,0.10995171608939629,0.22717538475990295,Classical
143.5546875,-10.902256965637207,7913.73486328125,1412.5947240079495,2788.699803780476,0.04316975921392441,0.07339335816563468,0.26647719740867615,Classical
99.38401442307692,-14.496052742004395,9426.681640625,1473.8021351922393,2915.8157017946983,0.028863346204161644,0.0838483214009288,0.2363944798707962,Classical
112.34714673913044,-10.10348129272461,9075.7880859375,1197.2323851630229,2392.1022019519155,0.04320450499653816,0.05641991582817337,0.3010466694831848,Classical
135.99917763157896,-14.047392845153809,9383.1103515625,1382.0018290080964,2739.666766943208,0.031036801636219025,0.06672673181114551,0.26202332973480225,Classical
129.19921875,-15.467790603637695,10806.546875,1368.2603166722697,2872.799295242357,0.023396512493491173,0.06903737543537151,0.2617664933204651,Classical
103.359375,-17.199108123779297,11444.251953125,1388.0043290568888,2687.7504142076236,0.020492590963840485,0.0730207224748452,0.25541260838508606,Classical
151.99908088235293,-17.036012649536133,14000.0791015625,962.9203184037632,1726.8728911692144,0.020522939041256905,0.05986056017801858,0.23470710217952728,Classical
123.046875,-14.05030632019043,9150.2421875,1231.0659931513396,2223.5698877104296,0.04339086636900902,0.07109480819465944,0.23211418092250824,Classical
129.19921875,-17.488216400146484,12978.4013671875,1490.5622593482271,2796.416423785797,0.024046288803219795,0.08579917884094428,0.21512006223201752,Classical
143.5546875,-15.311323165893555,8455.42578125,1466.6695913084939,2748.900044444176,0.041746512055397034,0.07912801736648607,0.2327093482017517,Classical
117.45383522727273,-23.130651473999023,19765.095703125,1321.7050907912796,2537.8013209292762,0.007098188158124685,0.07105096870162539,0.2417757213115692,Classical
99.38401442307692,-24.539627075195312,23796.22265625,885.5565431065753,1528.190759239551,0.005696689244359732,0.03754399066369969,0.19720198214054108,Classical
117.45383522727273,-11.783863067626953,7350.83837890625,1303.6876256653013,2286.9861709075076,0.060584619641304016,0.08004864672020123,0.2576432526111603,Classical
129.19921875,-17.66455078125,14199.2060546875,1217.3154617086166,2350.9357842129452,0.02134205400943756,0.06818250532120743,0.2616290748119354,Classical
117.45383522727273,-24.93321990966797,23048.81640625,1058.2543071829184,2036.4043528081463,0.0055350917391479015,0.04628392269736842,0.3056074380874634,Classical
135.99917763157896,-14.845390319824219,11476.4453125,1146.8135494823382,2149.2370038578756,0.0274652186781168,0.06481593459752322,0.28051984310150146,Classical
135.99917763157896,-14.567585945129395,7965.99755859375,1530.8299435347924,2902.715781008127,0.04809516295790672,0.08966083349458204,0.26028528809547424,Classical
107.666015625,-8.205060958862305,5906.44580078125,1304.2517641878744,2364.0357049995164,0.06723585724830627,0.07917941539280186,0.26132524013519287,Classical
117.45383522727273,-15.195305824279785,16142.1572265625,927.1723509860474,1721.3729244267608,0.015410859137773514,0.04096271526702786,0.2825184166431427,Classical
151.99908088235293,-8.860493659973145,6539.85107421875,1232.6781127622182,2249.2197326093265,0.06352537125349045,0.07039337630611456,0.24662306904792786,Classical
129.19921875,-9.608565330505371,6362.8330078125,1266.6237645713045,2289.40282296101,0.061933405697345734,0.07302299003482972,0.2591894268989563,Classical
112.34714673913044,-12.030010223388672,8881.36328125,1223.635449065976,2149.2203372919894,0.055558472871780396,0.0812020788989938,0.2570861279964447,Classical
123.046875,-13.258233070373535,11255.0458984375,993.2705612552155,1665.6732612350038,0.034531060606241226,0.057027621904024765,0.2447010576725006,Classical
151.99908088235293,-10.142451286315918,7688.94921875,1213.2813789406814,2184.670122931985,0.05371331050992012,0.0769186580882353,0.2773859202861786,Classical
135.99917763157896,-20.595163345336914,13657.75390625,1620.4726755177705,3030.3816756965944,0.01377447135746479,0.09510751257739938,0.24242949485778809,Classical
117.45383522727273,-19.245784759521484,8778.9736328125,1447.5046011030959,2753.616682589977,0.030015572905540466,0.07686877176857586,0.26107847690582275,Classical
112.34714673913044,-14.819462776184082,12183.8828125,849.7347285513436,1449.9412324037346,0.03364487364888191,0.04318341234520124,0.300101101398468,Classical
123.046875,-25.016681671142578,23059.755859375,772.6910715758371,1158.7263266737616,0.005950877908617258,0.035077641253869966,0.28724804520606995,Classical
129.19921875,-24.41811180114746,22447.494140625,907.5278182790579,1731.4728633538118,0.006408568937331438,0.04151675575657895,0.3330865502357483,Classical
123.046875,-12.032380104064941,7765.52978515625,1234.4767473698394,2481.8683258151123,0.053728535771369934,0.05947809839396285,0.2989826202392578,Classical
103.359375,-13.943486213684082,9575.828125,1318.8121262457446,2418.752040803986,0.03279425948858261,0.08686190862035603,0.31920233368873596,Classical
123.046875,-27.414329528808594,14104.748046875,1569.3305630412042,3122.8811163651317,0.02016468532383442,0.0678567325367647,0.20607392489910126,Classical
107.666015625,-13.742816925048828,7351.826171875,1473.0951110728051,2769.8332511972717,0.04683368280529976,0.09084979077979877,0.3132327198982239,Classical
112.34714673913044,-17.58819580078125,10180.9365234375,1158.4924763066076,2118.4205235342492,0.027571769431233406,0.06929134215363777,0.272443562746048,Classical
117.45383522727273,-21.474529266357422,14407.8642578125,1707.6029293727913,3313.046633126935,0.011107208207249641,0.1169803961880805,0.24428224563598633,Classical
123.046875,-22.790302276611328,13511.8779296875,1387.8209850509243,2701.7003298543923,0.01498803123831749,0.07212579213428792,0.23664960265159607,Classical
123.046875,-23.336204528808594,10866.203125,1247.4030938616247,2342.6691675333786,0.02955581061542034,0.06635863124032508,0.2668565809726715,Classical
99.38401442307692,-8.069662094116211,4375.513671875,1341.1667428778092,2174.1368532918923,0.13236433267593384,0.09571068353328173,0.2711730897426605,Classical
129.19921875,-11.638062477111816,6546.98876953125,1192.196404575211,1977.2713770438274,0.10498717427253723,0.054596797600619196,0.22495773434638977,Classical
135.99917763157896,-26.371688842773438,15533.265625,1215.3300116693513,2069.587485487616,0.016011793166399002,0.07636235003869969,0.2580567002296448,Classical
95.703125,-6.588047981262207,4658.5478515625,1157.3916764545188,1815.4223557227167,0.13506671786308289,0.06391117816369969,0.23603138327598572,Classical
129.19921875,-0.45921051502227783,1716.5977783203125,1979.680630514764,3905.593050079818,0.11248651891946793,0.1164293791118421,0.3302839994430542,Classical
123.046875,-23.84520149230957,15215.4697265625,1155.7609764473264,2074.7874540441176,0.009856503456830978,0.06004498839009288,0.24815452098846436,Classical
143.5546875,2.333956003189087,3899.94384765625,1178.030511164392,2140.537056465267,0.1739434152841568,0.07075467419698142,0.35582560300827026,Classical
143.5546875,0.5267521142959595,1731.261962890625,1855.3692061203942,3670.1278072392606,0.1492769420146942,0.08739327351006192,0.30132967233657837,Classical
123.046875,-22.923919677734375,19731.921875,1195.7391730392671,2438.785252999226,0.006721213925629854,0.04660667206849845,0.2754828929901123,Classical
123.046875,-10.412205696105957,12696.2099609375,1392.0243220765976,3100.2312533257546,0.03762798756361008,0.03730136174535604,0.31341981887817383,Classical
161.4990234375,-3.81785249710083,3000.9580078125,2328.873278161673,5035.719549692822,0.06300176680088043,0.11812173471362229,0.3999936580657959,Classical
107.666015625,-1.829020619392395,3653.89697265625,1508.3671117477743,2747.9000504910023,0.12745560705661774,0.09276890238003097,0.3024997115135193,Classical
129.19921875,-1.590783953666687,3461.275634765625,1730.7092848891232,2950.5321585357005,0.16887237131595612,0.11135609157314241,0.28712567687034607,Classical
123.046875,-35.30000305175781,24013.99609375,1219.3918527880376,2089.5706979851975,0.007217080798000097,0.055882504111842105,0.17443406581878662,Classical
112.34714673913044,3.102327585220337,2469.781494140625,1582.294381996327,2960.532098067434,0.20170238614082336,0.08709773485874613,0.29871758818626404,Classical
151.99908088235293,-26.27052879333496,14526.66796875,1600.2044925648693,2788.5498046875,0.01325092650949955,0.09025569006385449,0.2508727014064789,Classical
123.046875,-14.294137954711914,12116.09765625,1114.739970060024,1812.5390398244,0.030344614759087563,0.08133435323142414,0.28305694460868835,Classical
117.45383522727273,-6.907076358795166,4277.41552734375,1500.8632888285517,2734.2501330301857,0.08330229669809341,0.08747792908281733,0.3039374351501465,Classical
123.046875,-9.054340362548828,3992.012451171875,1783.3170884078609,3426.312614889706,0.05826249718666077,0.09387244823916409,0.327812135219574,Classical
151.99908088235293,-14.301231384277344,10666.34375,1198.4190249117432,2226.3865373452013,0.030731987208127975,0.06582802220394737,0.28530365228652954,Classical
172.265625,-7.929446697235107,6496.60693359375,1829.184490125539,3598.6115730214783,0.06225704029202461,0.09359202665441177,0.3714908957481384,Classical
99.38401442307692,-19.36014175415039,18446.794921875,663.9824499024049,757.7454180171246,0.02388824336230755,0.03714867937306501,0.20345206558704376,Classical
80.74951171875,-21.10987663269043,19051.068359375,1017.0187336553704,1493.3243034055727,0.017592890188097954,0.04737008392995356,0.21172946691513062,Classical
123.046875,-22.186120986938477,18201.107421875,813.8560200887249,916.7944562693499,0.022207925096154213,0.0423413917376161,0.20228292047977448,Classical
135.99917763157896,-22.22657585144043,17599.521484375,858.0524847788561,1111.8099437040441,0.02895059622824192,0.04595739405959752,0.17232109606266022,Classical
129.19921875,-21.70052146911621,20265.423828125,1011.8680680557712,1513.4075152984713,0.016365621238946915,0.043064743372678016,0.2687443196773529,Classical
161.4990234375,-14.742938041687012,6693.7958984375,1519.2914664204097,2709.750281177438,0.04597478359937668,0.09078705495356038,0.2629754841327667,Classical
129.19921875,-14.612387657165527,8543.03515625,1398.8738618128148,2496.96823450803,0.0349871926009655,0.08437137190402477,0.2256017029285431,Classical
161.4990234375,-15.985991477966309,11068.505859375,1314.3253833598385,2448.585193740325,0.026746947318315506,0.06694592927631579,0.2667514681816101,Classical
143.5546875,-9.698892593383789,6501.625,1323.5965804828518,2453.6518297697367,0.0699595957994461,0.0696057771381579,0.1958865076303482,Classical
117.45383522727273,-13.854316711425781,12215.9130859375,1282.4621077204395,2437.4352611624417,0.022095605731010437,0.06239720394736842,0.28354471921920776,Classical
129.19921875,-14.597597122192383,9541.9765625,1224.6797990961759,2099.770636307566,0.0438791885972023,0.07271762529024768,0.2106335163116455,Classical
161.4990234375,-12.753427505493164,9175.0458984375,1259.3230106414146,2330.685906661184,0.033609893172979355,0.06660428357198142,0.2319180965423584,Classical
117.45383522727273,-18.698566436767578,14758.4580078125,1320.5444406838146,2532.8680174269543,0.015907255932688713,0.07357929808436532,0.23014292120933533,Classical
117.45383522727273,-6.238020420074463,5299.78173828125,1281.1470948113893,2420.7020290126743,0.07956152409315109,0.06472447634481424,0.27162471413612366,Classical
135.99917763157896,-34.160888671875,22460.384765625,886.3619088930263,1325.1419870476973,0.01097400113940239,0.05389763327205882,0.17983344197273254,Classical
129.19921875,-28.855010986328125,24301.99609375,674.0829402844645,947.0942730505031,0.007822775281965733,0.043205332091718264,0.22177615761756897,Classical
107.666015625,-22.21415901184082,15084.548828125,781.8029739240134,1179.1762030161572,0.02461770549416542,0.05365500435371517,0.22318975627422333,Classical
123.046875,-22.6391658782959,22983.3125,1006.8108762547402,2068.787490325077,0.00710035115480423,0.03460976804373065,0.43163660168647766,Classical
129.19921875,-19.057220458984375,13416.5341796875,1189.8414777339808,2145.0536958204334,0.015031194314360619,0.05569354077979876,0.2689388692378998,Classical
112.34714673913044,-23.50019073486328,6350.41796875,1530.215282828988,2724.616857947949,0.043549053370952606,0.09404478279798761,0.3024975061416626,Classical
123.046875,-19.59492301940918,13150.3046875,814.2475110286318,1303.9921149380805,0.03436751663684845,0.049656540247678016,0.24282754957675934,Classical
117.45383522727273,-24.85503387451172,17060.61328125,951.0852737181988,1670.2898999854876,0.013002847321331501,0.05563609592685759,0.22289355099201202,Classical
112.34714673913044,-19.261104583740234,8205.7392578125,1580.1820799590726,2770.89991141399,0.027492420747876167,0.0984566986745356,0.2943066656589508,Classical
99.38401442307692,-15.126215934753418,9044.494140625,1395.0491052618881,2605.6175775203174,0.028129447251558304,0.08215520994582043,0.29899123311042786,Classical
123.046875,-23.004465103149414,16679.033203125,785.4438891785401,1255.8424060927825,0.015736620873212814,0.04651899308243034,0.29321640729904175,Classical
103.359375,-20.95287322998047,11386.01171875,1235.3188957201387,2199.38670060952,0.018859857693314552,0.06455365349264706,0.28945598006248474,Classical
99.38401442307692,-14.415264129638672,8138.74560546875,2325.6250704893705,4173.324764476103,0.03535417094826698,0.1560005684017028,0.22076164186000824,Classical
123.046875,-17.14859962463379,9466.7294921875,2190.0080137883397,4202.657920435855,0.0221853144466877,0.14792276388351394,0.20787076652050018,Classical
143.5546875,-10.086892127990723,7330.71728515625,1997.196046221842,3788.4604250314437,0.04029286280274391,0.13093949545278638,0.22552204132080078,Classical
123.046875,-7.231184482574463,7340.08203125,1486.3879442812972,2739.0334374395316,0.07213958352804184,0.08575231593459752,0.22676318883895874,Classical
92.28515625,-8.592673301696777,5032.912109375,1620.8620018783452,2676.4838156685373,0.08668816834688187,0.1096531540247678,0.20510947704315186,Classical
123.046875,-13.85283374786377,11119.98046875,1473.3890246517185,2972.2986935831077,0.017186490818858147,0.07678940716911764,0.3508574664592743,Classical
117.45383522727273,-21.180543899536133,14548.58984375,1913.8846579110145,3597.928243820143,0.012618020176887512,0.1328525602263932,0.2054796814918518,Classical
135.99917763157896,-4.946162700653076,4971.05810546875,1799.5284335526787,3424.9126233552633,0.05925537645816803,0.10077716839202787,0.3349515497684479,Classical
103.359375,-10.516417503356934,7041.22216796875,1465.5588366662423,2705.3003080858166,0.044128481298685074,0.08360796004256967,0.21249036490917206,Classical
184.5703125,-12.73647689819336,7968.99169921875,1845.3359815522206,3692.8276699762964,0.027995504438877106,0.11139766350619196,0.2972436249256134,Classical
129.19921875,-15.586299896240234,12735.86328125,1541.6155040468288,3384.912865228328,0.010217365808784962,0.08052710187693499,0.3311798572540283,Classical
161.4990234375,7.882931709289551,713.1534423828125,2777.407805126885,6217.779068607295,0.2555682361125946,0.08855426422213622,0.3655276596546173,country
129.19921875,10.556563377380371,420.42706298828125,2893.6947720028998,6100.313112241196,0.22876456379890442,0.127498095249613,0.40279167890548706,country
161.4990234375,2.672548294067383,1974.3173828125,2352.851499360376,5189.851951008611,0.1443566381931305,0.07976898098877709,0.2954106628894806,country
161.4990234375,7.431565761566162,1460.832763671875,2092.9832871780714,4161.691501487519,0.20574773848056793,0.10042720830108359,0.371137797832489,country
117.45383522727273,9.499930381774902,460.9029846191406,2966.732852875897,6220.962382691563,0.20800408720970154,0.13082989672020123,0.4047517478466034,country
129.19921875,8.085797309875488,495.2904357910156,2912.206478520016,6160.162750338623,0.20195923745632172,0.14130451214202785,0.4125503599643707,country
112.34714673913044,9.014369010925293,661.1890869140625,2714.966371970635,5771.431767608359,0.224957674741745,0.11843768140479877,0.40782707929611206,country
103.359375,9.958340644836426,593.99755859375,2776.955324768256,6216.012412623355,0.24968688189983368,0.10055494751354489,0.4241258502006531,country
129.19921875,9.486481666564941,529.0888671875,2670.407287003149,5864.93120223007,0.27288419008255005,0.10947099337267802,0.35524898767471313,country
95.703125,9.771671295166016,331.3904724121094,3247.3604813762076,7068.54059083543,0.23156365752220154,0.16003758102747678,0.44114160537719727,country
123.046875,-6.093900680541992,4044.79150390625,1945.8044745866991,3859.226663784346,0.0788147896528244,0.08888381627321981,0.2964570224285126,country
112.34714673913044,-5.8520283699035645,3892.1884765625,2758.7370326842306,5956.047317930051,0.07993149757385254,0.10204926954334366,0.29789406061172485,country
89.10290948275862,-2.4721946716308594,3407.537109375,1606.554978735773,3328.4298734399185,0.11947710067033768,0.06107068135642415,0.3013383150100708,country
129.19921875,-1.6242159605026245,2068.035400390625,2806.1148397048833,6055.680048797891,0.08063266426324844,0.12949430388931887,0.349028617143631,country
135.99917763157896,0.5777248740196228,1774.09375,3212.0078393205267,6996.2576945868805,0.09088163077831268,0.146126856375774,0.3927418887615204,country
143.5546875,-2.9720640182495117,3000.734619140625,1917.8782592633502,3919.109635013545,0.09867385029792786,0.0941672310371517,0.3900325894355774,country
107.666015625,-8.669485092163086,6078.55029296875,1359.882634253723,2728.150169915828,0.0776982232928276,0.05713948819659443,0.30793458223342896,country
89.10290948275862,-2.4029359817504883,5824.9638671875,1079.847736959964,1942.704919395801,0.08958790451288223,0.04365430896865325,0.3190810978412628,country
172.265625,-1.2173033952713013,2842.430908203125,2044.9677414361595,4104.525180497775,0.08958594501018524,0.08939628482972137,0.3615717589855194,country
123.046875,-7.11893892288208,7691.52783203125,1122.0897947741203,2103.8706115155765,0.08939159661531448,0.04989236648606811,0.30206015706062317,country
103.359375,1.362776517868042,2997.134521484375,2453.955174350159,5334.23441128096,0.11110295355319977,0.0915980855746904,0.3583836257457733,country
107.666015625,-4.69325590133667,6316.60009765625,1041.1357482526705,1970.354752201045,0.10057075321674347,0.04528770801083591,0.30010783672332764,country
95.703125,-4.739089488983154,4055.201171875,1775.2218517772417,3537.361943389609,0.08351157605648041,0.07031023244001548,0.3001536428928375,country
83.35433467741936,-14.087971687316895,11742.447265625,1540.3326891411316,3165.4141925067725,0.03730062022805214,0.03248884360487616,0.2922297716140747,country
129.19921875,-6.732972621917725,5013.9345703125,1811.8406264083928,3514.2787496371902,0.09126383066177368,0.0860765770123839,0.2664828896522522,country
143.5546875,-5.255211353302002,4395.18701171875,1780.5059309026685,3547.961879293247,0.07570481300354004,0.07246214686532508,0.3484920263290405,country
107.666015625,0.156633198261261,5353.9580078125,1172.3556958228123,2282.586197513545,0.09964917600154877,0.05155297624806501,0.32987701892852783,country
92.28515625,-0.7203050851821899,1847.82373046875,2081.8122710210964,3965.5926872702207,0.12381694465875626,0.10292379184404024,0.38450661301612854,country
89.10290948275862,-3.4031317234039307,3814.049072265625,1505.0065312780341,2911.849059113777,0.09829270839691162,0.06484994799729102,0.3131037950515747,country
92.28515625,-2.284148931503296,4663.15185546875,1251.2843170393833,2395.8188461445434,0.11507656425237656,0.054578657120743036,0.29082584381103516,country
161.4990234375,-7.768509387969971,9124.7744140625,1060.2988971271077,1829.9389346096168,0.07676291465759277,0.038844814241486066,0.2101553976535797,country
112.34714673913044,-1.1013332605361938,3033.873046875,1963.61482629854,3921.892951516544,0.09621074050664902,0.09032220515673374,0.30100274085998535,country
95.703125,-6.227997303009033,6518.99462890625,1852.8929862550617,4078.675336808243,0.04937886819243431,0.06988544286958204,0.3248889446258545,country
92.28515625,-3.5946238040924072,3290.423583984375,2281.15389383618,4836.504087654799,0.08583127707242966,0.09537508465557276,0.3115345239639282,country
135.99917763157896,-2.7826426029205322,3037.6669921875,2612.9678308264147,5755.565196884675,0.06679270416498184,0.10653828245936532,0.3501652479171753,country
99.38401442307692,0.9995434880256653,2201.160400390625,2216.7629640566324,4329.273821473491,0.10163392871618271,0.10349143769349846,0.39282193779945374,country
117.45383522727273,-13.019051551818848,9858.673828125,1865.5923774906523,3796.577042618034,0.027582895010709763,0.07501466355456657,0.3624419867992401,country
99.38401442307692,-2.290759801864624,4039.467041015625,2098.4961202698596,4396.623414219717,0.06621629744768143,0.07908493372678019,0.3814884126186371,country
151.99908088235293,0.669245719909668,1918.7623291015625,2781.6004042935747,6081.796557541602,0.08761312067508698,0.11211194490131579,0.37609508633613586,country
123.046875,1.4208595752716064,1116.60693359375,3632.744561118045,7168.506653020994,0.09526687115430832,0.2018816212751548,0.4565998613834381,country
143.5546875,-0.23505328595638275,2048.517333984375,2465.5183473034863,5022.152965061436,0.10133795440196991,0.10475371275154799,0.39053863286972046,country
129.19921875,4.213456630706787,1953.6990966796875,2646.6401272890043,5843.547998198046,0.11198534816503525,0.09711883828366873,0.41582515835762024,country
103.359375,2.6759021282196045,1743.978759765625,2346.326980855329,5352.850965375871,0.11951491236686707,0.08143337001741487,0.38231709599494934,country
135.99917763157896,0.4026217460632324,1766.7471923828125,2558.12631998635,5151.252184416118,0.09518835693597794,0.13429246081656346,0.3940789997577667,country
161.4990234375,-0.058575812727212906,4502.9814453125,1712.6468427497684,3306.446673035991,0.11065804958343506,0.06534654363390092,0.344014048576355,country
161.4990234375,0.619851291179657,1222.7415771484375,2782.224988285241,5524.383261476877,0.13987566530704498,0.135759572126548,0.3566276729106903,country
151.99908088235293,-0.38400545716285706,2756.693115234375,2112.9746181397245,3881.426529544795,0.10145268589258194,0.11813080495356038,0.3849659860134125,country
151.99908088235293,-4.822243690490723,3513.45751953125,1868.0540190674822,3670.7778033088234,0.09137491881847382,0.10510971966911764,0.30466046929359436,country
117.45383522727273,0.49185073375701904,2791.611328125,2017.7002853317058,4333.540462340364,0.12272913008928299,0.06720821038119196,0.315615177154541,country
112.34714673913044,-0.6662418246269226,2778.67236328125,1569.062184682176,2946.2821842347134,0.1454346776008606,0.07372291021671827,0.320165753364563,country
117.45383522727273,2.952427387237549,3678.198974609375,1757.9783121460491,3885.493171621033,0.10656794905662537,0.0752973526993034,0.3859778940677643,country
129.19921875,-6.326861381530762,5673.68212890625,1386.3311881555628,2865.8326707019155,0.087534099817276,0.04794906757933436,0.2633151412010193,country
112.34714673913044,-1.5235795974731445,7975.86865234375,1101.1339632325248,2341.7691729755225,0.06701678782701492,0.03256367308436533,0.333736389875412,country
89.10290948275862,1.9125694036483765,2123.03076171875,2211.6327561851253,4901.103697029799,0.1313692033290863,0.10031987712848298,0.3530195653438568,country
151.99908088235293,2.297858476638794,4171.22314453125,1676.906255061954,3986.8258922092687,0.10301482677459717,0.06026191829527864,0.3114925026893616,country
129.19921875,3.9684746265411377,2138.6650390625,1915.8066303434525,4142.574950416021,0.15529325604438782,0.0837886089880031,0.3658609092235565,country
129.19921875,3.4201483726501465,3741.326904296875,1534.089789077549,3267.4635754281153,0.1488904058933258,0.06513566055534056,0.30961933732032776,country
135.99917763157896,-3.888545274734497,3888.736083984375,1619.2448399294092,3398.596115820917,0.12058548629283905,0.07380303066950464,0.3062031865119934,country
112.34714673913044,4.942585468292236,2952.8115234375,1702.370697583694,3958.8760612180727,0.15966346859931946,0.06371465629837461,0.34639424085617065,country
135.99917763157896,1.8057457208633423,6005.0673828125,1375.934078193207,3025.5317050237036,0.12422085553407669,0.047530324835526314,0.30465763807296753,country
69.83741554054055,3.7975971698760986,4785.251953125,1367.0781770793342,3089.581317724458,0.13510294258594513,0.0414585550503096,0.3452025055885315,country
123.046875,0.5196816325187683,5581.57763671875,1327.3167989474887,2973.3653537998257,0.09334636479616165,0.04136709679760062,0.30631396174430847,country
89.10290948275862,2.6585934162139893,2228.853271484375,2165.540111603194,4764.304524235681,0.12875062227249146,0.09984898050503097,0.399320125579834,country
83.35433467741936,1.4783426523208618,5308.32568359375,1615.772914027845,3731.7107681888547,0.1288057267665863,0.05612437717685759,0.318241149187088,country
135.99917763157896,-6.13509464263916,5651.640625,1526.0964344811907,3147.630966706173,0.08425406366586685,0.059757764125387,0.24726828932762146,country
123.046875,-6.3126959800720215,7960.1318359375,879.2965462903372,1596.3070140165441,0.10827311128377914,0.03867474724264706,0.2793545722961426,country
107.666015625,2.4723262786865234,2957.25146484375,1739.1021778912907,3307.3466675938466,0.1387733668088913,0.10009160942337461,0.3528115153312683,country
135.99917763157896,-7.842060565948486,11401.166015625,876.3243222133308,1475.6577435661766,0.06053951010107994,0.03538980867840557,0.31531089544296265,country
161.4990234375,-2.3927996158599854,6095.0029296875,1238.5406014706616,2430.4353034902283,0.08412107825279236,0.05876608455882353,0.37005987763404846,country
112.34714673913044,-0.7975455522537231,6309.59814453125,1302.4769433272127,2732.6334761392222,0.07735700905323029,0.05808354900348297,0.3668871819972992,country
112.34714673913044,2.5531671047210693,2651.940185546875,1924.718207830886,4042.842220152864,0.13123773038387299,0.09042197779605263,0.38709723949432373,country
143.5546875,-8.647390365600586,5699.45654296875,1209.3624037025033,2281.2195391108744,0.10679104179143906,0.05697395631772446,0.28525257110595703,country
151.99908088235293,0.3772818148136139,2796.001953125,1747.3884297923585,3661.294527319563,0.1470424085855484,0.08482337219427244,0.34118393063545227,country
151.99908088235293,-1.4036777019500732,4199.12548828125,1583.827616716004,3309.3466555001937,0.09470683336257935,0.07367226804373066,0.3707154393196106,country
129.19921875,-9.533843040466309,8667.37890625,1305.696920033785,2647.633990119485,0.04811502620577812,0.05499059718459752,0.3434603810310364,country
95.703125,6.292593955993652,1742.838134765625,2130.916180704437,4759.404553865132,0.1783863604068756,0.10849821013931889,0.3689163327217102,country
143.5546875,-2.244180917739868,4406.26416015625,1588.2866510756674,3060.4481605553406,0.14469635486602783,0.08519525203173374,0.3005267083644867,country
92.28515625,0.06977764517068863,3707.6552734375,1474.1367461078257,2832.1162079140868,0.12035400420427322,0.08374174608165634,0.35479599237442017,country
143.5546875,-9.0195894241333,11375.8671875,1174.60092876851,2296.7527785168345,0.028909223154187202,0.047627829914860684,0.37713822722435,country
80.74951171875,-5.1266703605651855,7510.42724609375,986.1942538729139,1762.356009940983,0.11664795875549316,0.04869887408088235,0.3307989835739136,country
95.703125,3.656620740890503,2503.95703125,2069.6601570204434,4438.906491873065,0.15527978539466858,0.09034488075657894,0.3789732754230499,country
89.10290948275862,4.47743558883667,2280.451416015625,1953.531684995704,4145.591598841428,0.14929836988449097,0.08938797044311146,0.4034769535064697,country
117.45383522727273,3.9180896282196045,1858.0865478515625,2212.426216462777,4700.37157749613,0.16978834569454193,0.10614901799535603,0.39589381217956543,country
143.5546875,2.1110754013061523,4594.7548828125,1365.175132123108,2763.0332923156925,0.12540310621261597,0.05475779435952012,0.31258565187454224,country
172.265625,2.4998371601104736,2410.317138671875,1903.0699993362996,3946.70946812113,0.1584201157093048,0.0869170859133127,0.32245296239852905,country
143.5546875,3.25844407081604,3814.05517578125,1592.9247887327433,3200.663979356134,0.12816041707992554,0.07522403492647059,0.33822447061538696,country
117.45383522727273,3.453712224960327,2322.402099609375,1952.808146457746,4193.657974857295,0.15021692216396332,0.0857046971749226,0.37294018268585205,country
143.5546875,-6.808200359344482,5083.7099609375,1506.4666642534685,2933.248929711687,0.08968944102525711,0.06697162828947369,0.32050058245658875,country
103.359375,4.1542887687683105,3216.6904296875,1600.439074220448,3445.979162635449,0.1461055725812912,0.06460580737229102,0.3457348644733429,country
143.5546875,-3.4494924545288086,6250.544921875,1287.5693966700205,2507.1515062645126,0.08786258101463318,0.04877597112035604,0.3280721604824066,country
135.99917763157896,4.567319869995117,2203.38037109375,1955.6376593353766,3969.6259962146864,0.15556839108467102,0.09987090025154799,0.38465428352355957,country
117.45383522727273,-9.823768615722656,5874.125,1584.069782080209,3140.047679227941,0.07315388321876526,0.0718597317627709,0.29230427742004395,country
161.4990234375,5.475881099700928,1568.6134033203125,2280.8010589117525,4749.5879465581465,0.18261541426181793,0.1153364151993034,0.3661309480667114,country
86.1328125,-9.182873725891113,5008.7197265625,1524.4629351723224,2987.6819338960913,0.10106469690799713,0.06922709462074303,0.24494308233261108,country
112.34714673913044,4.444995880126953,2905.076416015625,1592.5334124663545,3362.6296666384483,0.19518430531024933,0.06367006095201239,0.3617141544818878,country
89.10290948275862,2.2619736194610596,3218.626708984375,1566.8289390418931,3229.8638027887964,0.1678888201713562,0.0696881651509288,0.336154580116272,country
117.45383522727273,6.811600685119629,2433.313232421875,1679.7391424848076,3468.8956907290053,0.19200599193572998,0.08559812185565016,0.29393818974494934,country
112.34714673913044,3.032541275024414,4097.0498046875,1400.2952776963562,2847.1994500411183,0.149402916431427,0.05822791698916409,0.33839842677116394,country
117.45383522727273,-0.8932619690895081,3788.121337890625,1411.830785221717,2930.8656107899574,0.16124919056892395,0.06080462098490712,0.24925021827220917,country
143.5546875,6.160472869873047,1688.2938232421875,2065.735371454604,4378.240192047214,0.21135784685611725,0.09501681017801858,0.37834984064102173,country
117.45383522727273,0.30023476481437683,2046.7630615234375,2592.314483415668,5215.2684639851,0.1351468861103058,0.14484190571787925,0.454121857881546,hiphop
107.666015625,7.417572975158691,1579.6328125,2792.5579798031545,5463.400296899187,0.2855885624885559,0.0969268515383127,0.46239036321640015,hiphop
99.38401442307692,-2.040583610534668,5307.55712890625,1498.0068502430383,3079.231380309114,0.09637671709060669,0.06112963791602167,0.4034591019153595,hiphop
92.28515625,8.738754272460938,1657.6566162109375,2429.240587612245,5077.33596471072,0.26086318492889404,0.09438264923568111,0.4864586293697357,hiphop
95.703125,3.102195978164673,3886.874267578125,2288.3756830089246,5033.419563600522,0.19687063992023468,0.0885149598490712,0.46263372898101807,hiphop
143.5546875,9.779439926147461,1149.1199951171875,2704.4335521307835,5766.631796633127,0.25409361720085144,0.12376115639512383,0.501623809337616,hiphop
99.38401442307692,6.665759086608887,1811.25634765625,2992.459690830727,6277.762039231811,0.25875458121299744,0.13481248790634676,0.4661266803741455,hiphop
123.046875,7.599494457244873,1964.34423828125,1966.972515993547,4309.590607161861,0.25619903206825256,0.07810912708010836,0.4203453063964844,hiphop
172.265625,-1.6224042177200317,2878.344482421875,3036.4907538842344,5805.198230093847,0.1553635448217392,0.15806404798761609,0.4626024663448334,hiphop
103.359375,4.922985553741455,2262.556884765625,2502.9790418614753,5231.385033197078,0.19258654117584229,0.12730610850425697,0.5297210216522217,hiphop
95.703125,2.4172372817993164,1754.337158203125,2386.032366782006,4753.437923277864,0.16210219264030457,0.1447980662248452,0.42007455229759216,hiphop
135.99917763157896,6.519374370574951,1945.2159423828125,2097.4062760727575,4717.721472583688,0.20991331338882446,0.08712645728521672,0.43807145953178406,hiphop
129.19921875,5.491809844970703,2082.536376953125,1931.8831714561625,4208.924549209075,0.19112659990787506,0.0835444683630031,0.3401218354701996,hiphop
103.359375,1.9762988090515137,2302.01953125,2275.409492302941,4792.387687753967,0.1487211436033249,0.1131792098006966,0.34950539469718933,hiphop
135.99917763157896,7.696558952331543,1657.912353515625,2410.579702970372,4854.903976393189,0.19209200143814087,0.12447014681695047,0.4915173649787903,hiphop
99.38401442307692,3.530482530593872,1601.8804931640625,2486.4229281343582,5353.434295181889,0.1487005054950714,0.12222601828560371,0.44136494398117065,hiphop
99.38401442307692,3.195866584777832,2025.96875,2480.0515342788563,5062.652720164958,0.20849080383777618,0.11246492840557276,0.4584956169128418,hiphop
99.38401442307692,6.752412796020508,1862.3082275390625,2118.392783386304,4844.537372411958,0.19088052213191986,0.0811597511126161,0.4871147871017456,hiphop
143.5546875,2.3039262294769287,2128.661865234375,2637.3094889804815,5385.967431791796,0.17492567002773285,0.14114880635642416,0.4643908739089966,hiphop
135.99917763157896,4.383047580718994,1820.572021484375,2635.3775598648194,5512.150002116389,0.20882964134216309,0.11545130490518576,0.42986729741096497,hiphop
117.45383522727273,2.4144299030303955,2804.408447265625,2710.5568751327514,5357.667602916989,0.1847388595342636,0.10112864018962849,0.4991026520729065,hiphop
103.359375,8.36371898651123,1395.999267578125,2369.909510316933,4937.586809754741,0.24136291444301605,0.11722831607972137,0.44575026631355286,hiphop
99.38401442307692,6.060313701629639,2058.58935546875,2049.752809083382,4670.888422443401,0.19188658893108368,0.07684231690208979,0.437598317861557,hiphop
95.703125,7.055569171905518,1462.6678466796875,2264.703739958331,4786.7543884844235,0.19922584295272827,0.10855338743227554,0.3931009769439697,hiphop
103.359375,3.031507968902588,1730.19140625,2531.7934082946085,4958.086685794795,0.1843026727437973,0.1394549390479876,0.4339505136013031,hiphop
107.666015625,9.439103126525879,1549.3468017578125,2371.1094099150437,4888.387107258611,0.2531901001930237,0.1108882183630031,0.533771276473999,hiphop
103.359375,3.0073492527008057,1486.8228759765625,3613.2829405478974,7436.188367719621,0.17084936797618866,0.17714556525735295,0.47190797328948975,hiphop
92.28515625,-0.3828699588775635,2203.073486328125,2793.8125648256887,5893.231031104876,0.13322041928768158,0.1092389464009288,0.45396530628204346,hiphop
123.046875,4.567198753356934,1169.4345703125,2775.0460710901057,5731.565342008514,0.15816722810268402,0.12240969064434984,0.3645504415035248,hiphop
123.046875,4.626035690307617,1195.04541015625,3108.149228067268,6288.995304639126,0.16291190683841705,0.11935755490518576,0.46313151717185974,hiphop
89.10290948275862,8.845471382141113,451.0961608886719,3710.9758981309524,7609.853984254063,0.19498643279075623,0.17336554276315788,0.5400997996330261,hiphop
99.38401442307692,6.721698760986328,587.270751953125,3044.8993870514005,6840.9586336590555,0.20126812160015106,0.13279058025348298,0.4802476763725281,hiphop
103.359375,5.158059120178223,2862.053466796875,2067.3461110428857,4354.9069998065015,0.14253687858581543,0.07569341984326626,0.47319984436035156,hiphop
99.38401442307692,8.884172439575195,819.9678344726562,2971.8613517905546,6069.62996444466,0.22126273810863495,0.15841098466524767,0.5140691995620728,hiphop
99.38401442307692,11.11204719543457,404.3707580566406,3147.944267589731,6313.311824267124,0.23798373341560364,0.1603376547987616,0.4620969891548157,hiphop
112.34714673913044,5.658759117126465,1728.2271728515625,2823.2356418290005,6126.312955023704,0.19211558997631073,0.09932970926857586,0.5309544801712036,hiphop
117.45383522727273,-12.031057357788086,9258.7939453125,2626.9201607673085,5438.917111612326,0.06567492336034775,0.09743932009481424,0.5521771311759949,hiphop
143.5546875,-8.88906192779541,2152.845947265625,3557.4607165492193,6588.493493614551,0.1537698358297348,0.20761779218266255,0.3971433639526367,hiphop
92.28515625,-1.454027771949768,4258.4921875,2069.5709617037237,4167.041469136997,0.21352942287921906,0.08976892052051083,0.3780635893344879,hiphop
95.703125,-3.521796703338623,3688.8759765625,2741.9486141118296,5843.947995779315,0.1420794576406479,0.13002264536571206,0.39166340231895447,hiphop
161.4990234375,-4.723636627197266,6912.087890625,2056.8792826238764,4152.974887529025,0.08648722618818283,0.0937159866002322,0.32101672887802124,hiphop
92.28515625,2.795151948928833,1870.6015625,2562.600199694515,5293.601323650349,0.1722366213798523,0.11577405427631579,0.4484945833683014,hiphop
92.28515625,6.6078643798828125,1550.7537841796875,2839.09807895605,6036.513498028735,0.23423776030540466,0.09649601514125387,0.43285268545150757,hiphop
184.5703125,1.7769126892089844,4303.62158203125,1759.9182309272603,3566.9117647058824,0.10981246083974838,0.06383332527089783,0.43071961402893066,hiphop
117.45383522727273,-23.998863220214844,8836.60546875,2812.8798570742597,4718.188136428503,0.02070794813334942,0.17343356956269348,0.36382484436035156,hiphop
95.703125,-3.521796703338623,3688.8759765625,2741.9486141118296,5843.947995779315,0.1420794576406479,0.13002264536571206,0.39166340231895447,hiphop
95.703125,6.24802827835083,2244.60302734375,2312.5752647532595,4969.736615349265,0.23554004728794098,0.08901986987229102,0.42874234914779663,hiphop
95.703125,5.313614368438721,1273.4769287109375,3400.0369691220226,7486.938060843169,0.23320795595645905,0.13294099506578946,0.4586670994758606,hiphop
95.703125,6.185293674468994,3081.33447265625,2023.8881911460671,4762.037871275154,0.20001636445522308,0.06169803961880805,0.3965080976486206,hiphop
129.19921875,11.39929485321045,931.7857666015625,3102.1441254875213,6715.35939314048,0.2884772717952728,0.10944529435952012,0.4924437403678894,hiphop
99.38401442307692,7.940860271453857,2770.426513671875,1597.9558273435039,3347.079760666602,0.2679618299007416,0.04419020897832817,0.4183376729488373,hiphop
103.359375,6.472261428833008,2182.627197265625,2521.7745670983363,5440.667101030379,0.24354808032512665,0.094482421875,0.3921339213848114,hiphop
103.359375,4.360128879547119,2951.624755859375,2383.0221390535385,5474.716895135933,0.10850296914577484,0.07170780524380804,0.4942140579223633,hiphop
107.666015625,2.5747387409210205,3027.917724609375,3152.264930695097,7122.890262190403,0.10180569440126419,0.11258964420472137,0.5472044944763184,hiphop
112.34714673913044,4.74945592880249,1628.781494140625,3255.1383837435233,7600.8873718072755,0.12445980310440063,0.12738320554373064,0.4552435278892517,hiphop
107.666015625,2.9260923862457275,3315.01904296875,1738.3319198233883,3558.0118185226393,0.1346452832221985,0.07357022784442724,0.38446706533432007,hiphop
99.38401442307692,7.642220497131348,1696.316650390625,2386.7648860190284,5265.418160736745,0.16536933183670044,0.06989148969620743,0.49574312567710876,hiphop
143.5546875,9.106659889221191,2386.3603515625,1767.8317487196882,3791.427073759191,0.2243647575378418,0.049587001741486066,0.3953069746494293,hiphop
172.265625,1.9449747800827026,2176.141845703125,2570.9633573009423,5086.352576855166,0.12807317078113556,0.1249092976006192,0.4981423020362854,hiphop
92.28515625,6.464696884155273,2557.46044921875,2065.894319628618,4414.689971640383,0.14962981641292572,0.07168890891060371,0.5077748894691467,hiphop
184.5703125,5.539064884185791,3562.820068359375,1672.7623786059648,3665.361169395801,0.18095308542251587,0.04774725474071207,0.4390200972557068,hiphop
92.28515625,6.004745006561279,2790.047607421875,1763.886599718348,3715.444199883901,0.1547960489988327,0.0635476127128483,0.4810469150543213,hiphop
92.28515625,0.49535614252090454,3207.9306640625,2404.2503165314315,4811.487572259578,0.19947229325771332,0.1076546778250774,0.46799975633621216,hiphop
92.28515625,-1.3089896440505981,1870.2691650390625,2798.760444990511,5594.182839408379,0.1823333352804184,0.13183896091331268,0.44539687037467957,hiphop
86.1328125,3.6475181579589844,1506.2763671875,2493.9621668480627,5309.067896792763,0.23683038353919983,0.08944088017608359,0.4026162922382355,hiphop
95.703125,4.4736809730529785,2800.538818359375,2499.047623605661,5425.283860717395,0.21077381074428558,0.09122696159055728,0.4296743869781494,hiphop
92.28515625,3.1276605129241943,2269.485595703125,2196.95850542646,4692.2049602118805,0.20604129135608673,0.07891259916795666,0.40866509079933167,hiphop
95.703125,4.501822471618652,1228.7791748046875,3159.499010954817,6825.308728291892,0.22490523755550385,0.1316545327012384,0.48987725377082825,hiphop
95.703125,9.04864501953125,1263.400146484375,2558.879867138764,5780.498379450464,0.24950392544269562,0.09416647518382353,0.437344491481781,hiphop
135.99917763157896,9.082988739013672,1172.3619384765625,3333.532711400065,7094.773765540344,0.27134501934051514,0.12464172552244582,0.4924832284450531,hiphop
95.703125,10.675263404846191,1426.7142333984375,2678.6141199902445,6540.593783257546,0.28499436378479004,0.07320968580688854,0.43230143189430237,hiphop
95.703125,7.349263668060303,1322.833984375,3276.7035644156726,7698.620114164087,0.24549664556980133,0.11229939652670279,0.4067022502422333,hiphop
99.38401442307692,8.560530662536621,2927.7060546875,1710.1122213837778,3780.6104724990323,0.27275434136390686,0.03842229223103715,0.4288610517978668,hiphop
92.28515625,6.954521179199219,2006.980224609375,2736.3224167019434,6121.112986467202,0.28706589341163635,0.1035012637867647,0.4371887147426605,hiphop
99.38401442307692,8.157732963562012,1370.025390625,2782.508738588569,6005.097021333204,0.2105620801448822,0.11038633175309598,0.47044551372528076,hiphop
92.28515625,3.0122716426849365,1770.4989013671875,2993.1580142391954,6137.112889717976,0.1989370733499527,0.129433835623065,0.4444291591644287,hiphop
95.703125,1.2735075950622559,2341.4150390625,2233.9087479694076,4792.554353412829,0.24766214191913605,0.09070844620743033,0.4253155291080475,hiphop
117.45383522727273,5.1155619621276855,985.325439453125,2769.866365677247,5922.030856956269,0.24267904460430145,0.13038621081656346,0.4753895699977875,hiphop
95.703125,1.2735075950622559,2341.4150390625,2233.9087479694076,4792.554353412829,0.24766214191913605,0.09070844620743033,0.4253155291080475,hiphop
103.359375,-1.081539273262024,2089.548095703125,3138.4653704803322,6023.396910676277,0.1594676375389099,0.16877978062113003,0.4359676241874695,hiphop
95.703125,2.243480682373047,838.1475219726562,3345.37628227349,6708.776099615422,0.14473998546600342,0.1554775178986068,0.3950082063674927,hiphop
103.359375,0.3851015865802765,5818.57763671875,1469.0897968019046,3297.8800581704722,0.08592826128005981,0.050354948722910214,0.5265443325042725,hiphop
107.666015625,1.2604598999023438,2530.899169921875,2203.957287340309,4714.338159708785,0.10390555113554001,0.1064679880998452,0.4466743469238281,hiphop
103.359375,2.3583590984344482,2440.568603515625,2306.6185135814653,4918.236926760836,0.11519275605678558,0.1038875048374613,0.44811850786209106,hiphop
112.34714673913044,-8.712642669677734,5577.376953125,1988.4123526428084,3966.3593493009867,0.06385433673858643,0.10072954963235294,0.5137804746627808,hiphop
112.34714673913044,0.9937154650688171,2198.9931640625,2595.7857251720766,5500.550072259578,0.1076752245426178,0.12782613559404024,0.4881584346294403,hiphop
99.38401442307692,-1.4362211227416992,5012.1259765625,1989.073342020286,4207.22455948868,0.07588359713554382,0.07189979198916409,0.5078349709510803,hiphop
135.99917763157896,1.4480888843536377,3083.604736328125,2481.252346161519,5448.633719523994,0.10849077254533768,0.09083316200657894,0.5904079079627991,hiphop
117.45383522727273,3.531482219696045,1893.1256103515625,2643.171901109327,5616.766036184211,0.12312173843383789,0.13630227481617646,0.4584132134914398,hiphop
123.046875,4.036777496337891,1993.9345703125,2615.9075455875063,5484.683501535894,0.11999350786209106,0.11396302970201239,0.45061248540878296,hiphop
117.45383522727273,4.072671413421631,2151.56787109375,2282.4267901034527,4949.853402247001,0.10758646577596664,0.10609837582236842,0.4791492223739624,hiphop
103.359375,3.1288344860076904,1964.522216796875,2661.847612308678,5478.150207708494,0.12059587985277176,0.140324170375387,0.5364494919776917,hiphop
112.34714673913044,4.916546821594238,2883.009033203125,2327.820623063583,5750.265228932856,0.12153245508670807,0.07362616099071208,0.4787188172340393,hiphop
117.45383522727273,-1.2627266645431519,3805.280517578125,3206.0667505297483,6293.745275916699,0.06760979443788528,0.15964756071013933,0.48137637972831726,hiphop
143.5546875,1.891623854637146,3728.53662109375,1918.1988515956557,4323.7905212969235,0.10741840302944183,0.05822262601586687,0.4505397379398346,hiphop
112.34714673913044,4.555380821228027,1707.41552734375,2761.6361719161932,5417.200576262578,0.11357598751783371,0.1635402053502322,0.5660337209701538,hiphop
107.666015625,2.5503034591674805,3096.179931640625,1765.992970162392,3530.778649864551,0.11295994371175766,0.08396774622678019,0.4234384298324585,hiphop
112.34714673913044,4.7343244552612305,2188.89453125,2359.126371056551,5497.900088283669,0.12906305491924286,0.08855577592879257,0.44488656520843506,hiphop
107.666015625,3.3594329357147217,2714.98828125,2603.3854389841704,5450.267042980844,0.11363507062196732,0.10098276049729102,0.5854014754295349,hiphop
107.666015625,-2.596139430999756,3046.46337890625,1871.0382460673577,3608.678178816757,0.15489424765110016,0.09727152065595976,0.42781463265419006,hiphop
129.19921875,-11.891676902770996,6600.5751953125,1692.943968311658,3173.2641450391834,0.040364060550928116,0.09386035458591331,0.32077187299728394,jazz
135.99917763157896,-10.10856819152832,8217.3486328125,1513.3340370689216,3034.914981617647,0.03075186349451542,0.0724757522252322,0.2853967547416687,jazz
107.666015625,-15.523836135864258,8008.814453125,1176.1023013482657,2111.5372318232394,0.07749687135219574,0.06503966718266253,0.254178524017334,jazz
135.99917763157896,-3.94482421875,6569.1611328125,1057.5591974733586,1866.7720452181695,0.07764585316181183,0.05153181235487616,0.3302386701107025,jazz
95.703125,-8.526680946350098,8346.33203125,941.7171879734865,1634.3901170665636,0.10328145325183868,0.03851072707043344,0.16520507633686066,jazz
117.45383522727273,-3.9799859523773193,4681.7392578125,1538.4606004372476,3229.530471471072,0.1200057715177536,0.06411601441563468,0.26326897740364075,jazz
135.99917763157896,-4.954460620880127,6884.03759765625,1273.615974604557,2464.6184301228714,0.09558307379484177,0.050092667618034055,0.2731674611568451,jazz
123.046875,-9.325713157653809,8403.3203125,1164.4088856722244,1925.72168875774,0.08667022734880447,0.065974657749613,0.20543335378170013,jazz
107.666015625,-2.111448287963867,5027.88134765625,1332.107454774023,2733.466804433533,0.10860376060009003,0.04579564144736842,0.3445313572883606,jazz
112.34714673913044,-6.966464042663574,8450.16796875,827.5181438218847,1251.9424296754064,0.08796041458845139,0.03796273340750774,0.2559058666229248,jazz
112.34714673913044,-7.34907865524292,11357.7333984375,840.2479742884897,1574.17381451964,0.06462661921977997,0.0330980613873839,0.3333042860031128,jazz
103.359375,-3.114276885986328,4124.23876953125,1792.5403144901702,3942.2594950295083,0.0787714347243309,0.07541753337848298,0.2868281602859497,jazz
112.34714673913044,-8.630943298339844,6710.9619140625,1623.89480899331,3600.778226586687,0.037235893309116364,0.06152494920665635,0.3542291522026062,jazz
151.99908088235293,-4.14992618560791,5406.03271484375,1795.7399668610692,4454.98972795327,0.051725395023822784,0.058637589493034055,0.30306246876716614,jazz
129.19921875,-20.54283905029297,11561.6328125,1336.65957392639,2352.50244140625,0.03678043186664581,0.07568208204334366,0.20972631871700287,jazz
117.45383522727273,-4.853205680847168,4906.77978515625,1812.083864051439,3952.2761011271286,0.057149071246385574,0.07373651557662539,0.33930864930152893,jazz
117.45383522727273,-9.782575607299805,6547.94580078125,1463.3200204044533,2768.7665909805532,0.0630405992269516,0.06889376330301858,0.24760504066944122,jazz
99.38401442307692,-8.11957836151123,5507.822265625,1999.0999500749406,4329.257154907605,0.052528999745845795,0.09096997145897832,0.32892337441444397,jazz
103.359375,-3.9539530277252197,4113.95166015625,1977.1487357001106,4256.924258961397,0.05362435802817345,0.08385210066756967,0.3535906672477722,jazz
129.19921875,-5.424075126647949,6847.18408203125,1344.0867609922786,2589.084344161184,0.056199803948402405,0.06139343072755418,0.23653459548950195,jazz
103.359375,-12.542893409729004,13147.0419921875,1127.4281111449095,2547.0179318643577,0.023552389815449715,0.02760603110487616,0.3143841028213501,jazz
123.046875,-6.599788188934326,3761.1962890625,2681.2500563354856,5456.90033620356,0.048663750290870667,0.1540466875483746,0.42243409156799316,jazz
129.19921875,-10.968286514282227,8651.5263671875,1562.4480653205974,3449.029144192628,0.05101560428738594,0.05350912466137771,0.20022334158420563,jazz
129.19921875,-2.3931992053985596,4212.21435546875,1953.5631047222505,4239.39103164909,0.08709784597158432,0.08142505563080496,0.21918132901191711,jazz
107.666015625,-4.125084400177002,4312.49853515625,2072.464767464373,4399.7900617381,0.060651831328868866,0.09372808025348298,0.3389982581138611,jazz
103.359375,-8.05317211151123,7173.33349609375,1663.6468144087846,3927.5429173519738,0.04980432614684105,0.054578657120743036,0.29503077268600464,jazz
135.99917763157896,-18.369937896728516,15897.0087890625,1199.5411926776274,2411.652083736455,0.03288319706916809,0.033282489599458204,0.1927424669265747,jazz
143.5546875,-7.105518341064453,7090.99267578125,1773.8281825966549,4007.209102288119,0.0391102060675621,0.06143197924729102,0.3207974135875702,jazz
99.38401442307692,-10.37854290008545,5620.1982421875,1880.9551813892062,4080.4919924898413,0.04700932279229164,0.0778324847619969,0.29030027985572815,jazz
112.34714673913044,-10.25971508026123,5794.2685546875,2194.6145386242356,4654.5218547431305,0.03323393687605858,0.0908656636996904,0.3003031611442566,jazz
117.45383522727273,-15.026036262512207,9175.568359375,1541.0265348635521,3239.6804100957816,0.031713906675577164,0.05829594378869969,0.23003728687763214,jazz
112.34714673913044,-7.3570098876953125,6012.02197265625,1730.6514120071758,3680.211079600426,0.0446484200656414,0.07270250822368421,0.2806742191314697,jazz
129.19921875,-12.462605476379395,8682.896484375,1475.4104992010723,3214.8138937935373,0.03954752907156944,0.05289688346555728,0.3100852966308594,jazz
95.703125,-5.471858978271484,7546.64013671875,1168.9536816086152,2479.8683379087656,0.07095811516046524,0.04099748452012384,0.28340157866477966,jazz
99.38401442307692,-0.6635838747024536,3940.365966796875,1798.487790759061,3502.562153819176,0.11946537345647812,0.08629879789086688,0.3136376142501831,jazz
123.046875,-4.974854946136475,8288.515625,844.4234588309629,1617.2735539014125,0.09312376379966736,0.035495628144349846,0.2635596990585327,jazz
123.046875,-6.670797824859619,5017.24072265625,1516.9234124330076,2730.21682408572,0.08333510905504227,0.11225328947368421,0.2992744743824005,jazz
95.703125,-3.662404775619507,5427.42822265625,1250.7688095961662,2361.835718302535,0.10024861246347427,0.05166937766060371,0.2701778709888458,jazz
151.99908088235293,-3.554009437561035,4169.73388671875,1551.5423042510959,3247.030365651606,0.09997913241386414,0.06347580664667182,0.27185481786727905,jazz
99.38401442307692,-3.2208166122436523,6503.5556640625,1423.236729886463,3006.931817494679,0.07677804678678513,0.07658381506385449,0.26873257756233215,jazz
103.359375,-3.9420552253723145,5033.08935546875,1297.681434405504,2740.5167618034056,0.13484546542167664,0.053051833397832815,0.2253299504518509,jazz
95.703125,-1.9532431364059448,4327.966796875,1783.956859705628,3440.312530234133,0.09400258958339691,0.10999328802244582,0.3585553467273712,jazz
103.359375,-7.773262023925781,5398.0615234375,1386.1967644698318,2838.182837896672,0.11297409981489182,0.0655944635255418,0.25303685665130615,jazz
151.99908088235293,-4.68984317779541,4506.9423828125,1718.4420365030248,3350.5464063709364,0.11274410039186478,0.08790045109326626,0.22126731276512146,jazz
103.359375,-3.7315614223480225,7475.416015625,986.0229094956281,1788.8058500024188,0.08567822724580765,0.04659986938854489,0.28527382016181946,jazz
135.99917763157896,-5.821624755859375,7227.12939453125,947.201053989964,1768.9226369001549,0.09822094440460205,0.043001251693111454,0.24712404608726501,jazz
107.666015625,-4.586128234863281,5044.580078125,1335.6054663547602,2754.00001360536,0.11280792206525803,0.06246976586687306,0.26586979627609253,jazz
103.359375,-6.439267635345459,4988.2421875,2095.265651278432,4465.372998500387,0.04834095016121864,0.10412106351586688,0.39005783200263977,jazz
129.19921875,-8.234271049499512,5002.734375,1727.1427906023218,3608.9448438709364,0.0568736270070076,0.07767677897639319,0.27367207407951355,jazz
123.046875,-7.427803993225098,3034.91064453125,2158.584358830475,5003.803076020704,0.2002376914024353,0.06356499733939629,0.2013249397277832,jazz
151.99908088235293,8.55604076385498,1044.1636962890625,2389.02571992487,5706.532160047407,0.1863010674715042,0.07282268890286378,0.40622979402542114,jazz
95.703125,-5.4729390144348145,7477.02880859375,1194.07150638401,2518.851435516641,0.0709603875875473,0.041094233746130034,0.2834344208240509,jazz
107.666015625,5.262130260467529,1746.326171875,2149.1894953923097,5020.0696443256575,0.19146862626075745,0.06548713235294118,0.3648923933506012,jazz
99.38401442307692,-0.510819673538208,3543.7880859375,1850.2000605075264,3592.5949427365517,0.11950778216123581,0.08655200875580496,0.3136647045612335,jazz
107.666015625,1.9814715385437012,2606.971435546875,1518.187258266986,2954.4488015189627,0.17237424850463867,0.06392856279024768,0.26239246129989624,jazz
123.046875,-4.973097801208496,8182.3203125,869.3244365983355,1638.540091972233,0.09312305599451065,0.03552132715750774,0.26355797052383423,jazz
123.046875,6.882599830627441,697.6831665039062,2993.366199780814,6894.008312874903,0.19276872277259827,0.11344224675890092,0.36175668239593506,jazz
95.703125,-9.632210731506348,6672.8896484375,1171.5779219490005,2069.6874848829334,0.09891120344400406,0.04679185613390093,0.18249011039733887,jazz
123.046875,-6.490314960479736,4492.21923828125,1578.5312578594849,2789.8497968266256,0.08333716541528702,0.11230241994001548,0.2992887496948242,jazz
103.359375,2.460082530975342,4411.73095703125,1266.6223312552713,2408.58543561339,0.19102279841899872,0.03898086784055728,0.2919684946537018,jazz
95.703125,-3.413257598876953,4824.7490234375,1407.3790966387853,2650.017309041215,0.10026295483112335,0.052633090654024765,0.2701968848705292,jazz
172.265625,9.39830207824707,739.0090942382812,2394.6106689770195,5267.2681495501165,0.2366841733455658,0.094970703125,0.3905462622642517,jazz
151.99908088235293,-3.126687526702881,3362.41650390625,1721.377549826672,3536.7786135835913,0.10000116378068924,0.06458539933243033,0.27189895510673523,jazz
123.046875,5.823470115661621,967.3198852539062,2447.0742471486888,5603.616115699981,0.1604219526052475,0.09209921633126934,0.38098469376564026,jazz
99.38401442307692,6.5525360107421875,1694.906494140625,1664.1467937852037,3609.494840545182,0.20950360596179962,0.05772905379256966,0.3669462502002716,jazz
99.38401442307692,-3.2026727199554443,6342.1318359375,1450.266081504465,3040.531614321304,0.07677917927503586,0.0766148050503096,0.26872462034225464,jazz
129.19921875,1.2468469142913818,2343.5244140625,1601.8085444507444,3059.6981650904604,0.17423345148563385,0.08601913215944272,0.27785012125968933,jazz
103.359375,-3.911508798599243,4770.5146484375,1333.4860003653682,2789.7664639971945,0.13484793901443481,0.05310020801083591,0.22533747553825378,jazz
135.99917763157896,-7.728262901306152,5195.06298828125,1424.6656061722,2895.1491600957816,0.11297619342803955,0.06549166747291021,0.2530401945114136,jazz
151.99908088235293,-4.134441375732422,3567.647705078125,1978.4853003308986,3792.2604020535023,0.11277712136507034,0.08947035845588236,0.2213381975889206,jazz
103.359375,-3.4530253410339355,6684.4111328125,1099.9196253445787,1938.354945699497,0.08568460494279861,0.04696267898606811,0.28529292345046997,jazz
129.19921875,-5.778830528259277,6990.8310546875,984.23394581792,1804.8057532531927,0.09822145104408264,0.04291584026702786,0.24712958931922913,jazz
107.666015625,-4.568961143493652,4888.73876953125,1373.4476412240763,2803.1330498379452,0.11280848830938339,0.06257029435952012,0.265861451625824,jazz
112.34714673913044,0.49419352412223816,1248.213134765625,2925.9086225758465,6323.6450951165825,0.1281457543373108,0.12579213428792568,0.3500242829322815,jazz
83.35433467741936,-3.610386610031128,3014.0771484375,2340.476460867438,5035.319552111552,0.10543137043714523,0.0873003035506966,0.3000253736972809,jazz
103.359375,-0.2866043150424957,813.3563232421875,3029.293144019603,6433.644429965654,0.1541154980659485,0.13498935758513933,0.2815985083580017,jazz
117.45383522727273,-3.977799415588379,3426.8486328125,1691.5246082749466,3339.7964713743227,0.10977820307016373,0.06415305122871517,0.30552345514297485,jazz
135.99917763157896,-0.19981764256954193,1065.4251708984375,2647.427864498253,5471.250249431599,0.16536493599414825,0.12432880224458204,0.2792138159275055,jazz
80.74951171875,-4.7074761390686035,2740.81640625,2392.792827746647,4872.053872690112,0.11232303828001022,0.09517402767027863,0.2701949179172516,jazz
107.666015625,-0.2637845277786255,2649.37744140625,2692.434658264851,5646.032525880418,0.06965157389640808,0.11378313660990712,0.3205324411392212,jazz
135.99917763157896,0.8336431980133057,1379.3336181640625,3063.795333892292,6260.545476671343,0.07966411858797073,0.14244509481424147,0.3674260377883911,jazz
117.45383522727273,-4.096031188964844,5546.84814453125,3122.2962894683656,7668.68696183243,0.03871685266494751,0.0942125822368421,0.46361154317855835,jazz
99.38401442307692,-3.601412296295166,2182.441650390625,4506.883475641525,8875.56299735149,0.046426430344581604,0.2568487870065789,0.3979926109313965,jazz
107.666015625,-0.6977953910827637,1591.028076171875,3687.899371825825,7773.686326915635,0.078646719455719,0.16508668125967493,0.4686391353607178,jazz
123.046875,-4.480011463165283,3584.9013671875,2840.0359920083124,6308.595186121323,0.048378877341747284,0.10508931162925697,0.4071998596191406,jazz
151.99908088235293,-4.742331504821777,2147.230712890625,2871.11601680847,5644.21587019882,0.06705652922391891,0.14998851102941177,0.3351612985134125,jazz
135.99917763157896,-6.353396892547607,1816.1240234375,4196.133473153598,8221.450286014899,0.054595764726400375,0.2794631627321981,0.3493991792201996,jazz
135.99917763157896,-9.497029304504395,12731.146484375,1611.9723112620045,3717.827518805631,0.0403231643140316,0.033513024864551086,0.36168646812438965,jazz
129.19921875,-2.307075262069702,2849.7041015625,2346.0452894188697,5452.083698662442,0.10620563477277756,0.07549765383126934,0.30442675948143005,jazz
117.45383522727273,-9.541915893554688,9966.1318359375,1683.2331958008767,3640.3279874346945,0.03940039500594139,0.049475891302244585,0.28094518184661865,jazz
135.99917763157896,-6.7285356521606445,4661.9970703125,1872.8696976962046,4242.341013810952,0.06376074254512787,0.05630502612229102,0.2557782828807831,jazz
135.99917763157896,-14.028436660766602,8332.9443359375,2655.898425518292,5788.214999455786,0.03858209773898125,0.10995020438273993,0.2198677808046341,jazz
129.19921875,-8.16507339477539,7631.3955078125,1988.8517182999076,4511.322720648704,0.057131316512823105,0.06058769107972136,0.24828192591667175,jazz
161.4990234375,-5.870419502258301,5080.9736328125,2162.1819163184637,5129.552315632256,0.04196203127503395,0.08181809936145511,0.2711215913295746,jazz
123.046875,-14.110753059387207,11924.4912109375,1050.6909704782418,2056.5375643987036,0.04026952013373375,0.03853340267027864,0.23933307826519012,jazz
117.45383522727273,-4.934204578399658,4696.75244140625,1876.2706347455721,4291.10738559404,0.07279394567012787,0.06589982827012383,0.29489800333976746,jazz
135.99917763157896,-8.590083122253418,5537.36181640625,2174.3498487672273,4582.738955471169,0.051506005227565765,0.10461085647252322,0.22645233571529388,jazz
135.99917763157896,-17.507965087890625,14672.986328125,1173.3061397805548,2322.1359583615517,0.021473361179232597,0.04093777210719814,0.2166452705860138,jazz
161.4990234375,-4.357236385345459,5393.14208984375,1848.1121189434805,4337.757103509578,0.058706134557724,0.05534433654218266,0.3373565077781677,jazz
135.99917763157896,-11.12352466583252,8659.013671875,1661.448668710545,3789.627084643479,0.03892505541443825,0.05454388786764706,0.2702963054180145,jazz
135.99917763157896,0.984002411365509,2087.469970703125,3553.027354108063,7992.118339420472,0.15753479301929474,0.14077768237229102,0.3860221803188324,Pop
107.666015625,5.811691761016846,1626.9364013671875,3728.7971503595763,8106.600980492937,0.25430378317832947,0.14559927075270898,0.41471534967422485,Pop
123.046875,8.38054370880127,1080.952880859375,3234.8392977511203,7500.404646079238,0.21562327444553375,0.12033411740518576,0.4336862862110138,Pop
92.28515625,2.307598829269409,3097.57080078125,1989.574234717566,3944.092817276993,0.11793480068445206,0.09260261464783281,0.4090422987937927,Pop
107.666015625,8.144925117492676,928.9542236328125,2612.432743477867,5742.6152751910795,0.2040622979402542,0.11094263980263158,0.3718304932117462,Pop
117.45383522727273,-7.547773838043213,5960.91064453125,2059.3584698372774,4191.624653819175,0.08835389465093613,0.08933732827012383,0.3098386526107788,Pop
92.28515625,0.8347009420394897,4466.72509765625,1922.7046013142374,4423.639917521285,0.07817710191011429,0.05675853811919505,0.3634314239025116,Pop
123.046875,-7.003374099731445,5806.67919921875,2051.1373802134567,4298.674006506385,0.08238308876752853,0.08147116268382353,0.2573133111000061,Pop
172.265625,7.81385612487793,1374.403076171875,2794.2877791440246,6457.377619787635,0.1859927624464035,0.1048527295375387,0.42348891496658325,Pop
103.359375,4.564133167266846,1058.495849609375,3369.2779718631627,7186.08988003096,0.13251066207885742,0.17463613220781735,0.44702380895614624,Pop
107.666015625,7.465495586395264,2654.923095703125,1940.9266887444248,4291.174051857585,0.1674511432647705,0.06793156201625387,0.3922456204891205,Pop
117.45383522727273,-20.148855209350586,6083.98046875,2121.848547429007,4498.956128761126,0.05029458552598953,0.08166466113583591,0.22322753071784973,Pop
99.38401442307692,4.590747356414795,1312.8614501953125,2605.2126942614127,5535.683193147736,0.14482079446315765,0.1129887347619969,0.3922179639339447,Pop
143.5546875,6.352880954742432,4344.15087890625,1935.5012604998196,4645.988573009385,0.15785349905490875,0.04200125773993808,0.36792412400245667,Pop
117.45383522727273,1.1734663248062134,2937.427978515625,1969.1563678512157,4158.374854876161,0.07713525742292404,0.08215369823916409,0.40665748715400696,Pop
103.359375,6.419900894165039,1139.3055419921875,3233.1954019089294,7235.239582829431,0.18557840585708618,0.13391755756578946,0.3843788206577301,Pop
107.666015625,-5.004732608795166,2045.1302490234375,3804.261441512424,7947.701941333688,0.0870949849486351,0.18701096289667182,0.3722155690193176,Pop
112.34714673913044,5.6035943031311035,1129.676025390625,2811.9322684705994,6481.177475873162,0.13691480457782745,0.11184059355650154,0.467731237411499,Pop
123.046875,8.42668628692627,1026.9498291015625,3310.5588002191944,7652.703725147542,0.21301203966140747,0.11647548616486068,0.3916909396648407,Pop
92.28515625,2.6724085807800293,1217.83349609375,3040.551403012124,6410.01123953899,0.20198389887809753,0.1442357113486842,0.3641374409198761,Pop
107.666015625,6.261114597320557,648.8115234375,3524.3437793476696,7486.154732246517,0.21176713705062866,0.17787723127902477,0.41144120693206787,Pop
99.38401442307692,4.4801154136657715,1389.2449951171875,3345.8247275339027,6777.975681175019,0.17824892699718475,0.18093390213815788,0.47583600878715515,Pop
103.359375,6.4058613777160645,1135.29443359375,3231.3907611294867,7227.156298374613,0.18529216945171356,0.13411105601780185,0.3850525915622711,Pop
103.359375,4.83317232131958,1322.2303466796875,3821.2116789374763,7710.820040392802,0.19075021147727966,0.18025363414280185,0.41562214493751526,Pop
117.45383522727273,5.814818382263184,1101.4232177734375,3344.4551366004544,7497.537996746807,0.1839006096124649,0.14117979634287925,0.43406227231025696,Pop
151.99908088235293,3.1342520713806152,2478.843017578125,2984.131881402181,6728.759312113003,0.1762084811925888,0.11455561871130031,0.34998947381973267,Pop
151.99908088235293,-0.9288398623466492,2031.1710205078125,2722.668378913215,6078.0799133489745,0.16447710990905762,0.10555869654605263,0.3223993480205536,Pop
83.35433467741936,3.1346750259399414,1779.5360107421875,2774.5423964684433,6209.995782338428,0.14623336493968964,0.10012864623645511,0.35571515560150146,Pop
99.38401442307692,6.735118389129639,1068.37744140625,2978.6084709273905,6711.792748040828,0.18142646551132202,0.11979821739551083,0.36097368597984314,Pop
161.4990234375,8.50076961517334,1080.841796875,3001.588524337645,6933.091409878096,0.22038164734840393,0.11067355601780186,0.38404184579849243,Pop
95.703125,3.2760255336761475,962.7493896484375,3027.845535550845,6528.143858540538,0.1879449188709259,0.1457005550986842,0.36091065406799316,Pop
95.703125,3.122239112854004,968.6736450195312,3067.76025420029,6631.643232693982,0.18359553813934326,0.14942313273993807,0.3683255910873413,Pop
95.703125,-2.0085344314575195,2375.59033203125,4407.781075676432,8704.997362071885,0.09314022213220596,0.23650575053212075,0.41539266705513,Pop
99.38401442307692,-1.2526339292526245,1437.1214599609375,2743.2178646877524,5598.01614956221,0.13648727536201477,0.13538013375580496,0.36927780508995056,Pop
95.703125,3.737306594848633,1550.466552734375,3038.4619688811763,7245.78951903541,0.1769503653049469,0.11734698505224458,0.3382728099822998,Pop
107.666015625,8.177504539489746,771.9657592773438,3159.015270861531,6921.641479114261,0.25871407985687256,0.15394918246904024,0.41420045495033264,Pop
99.38401442307692,8.877592086791992,1401.41748046875,2941.429560619256,6748.659191781153,0.245522141456604,0.11714970733359133,0.4144810438156128,Pop
103.359375,8.854657173156738,818.61328125,3151.75223605274,6599.160095781734,0.24206984043121338,0.16793549245356038,0.4783003032207489,Pop
92.28515625,5.907129764556885,819.163818359375,3186.57639676107,6768.892402767028,0.21651914715766907,0.14319187790247678,0.3793489933013916,Pop
83.35433467741936,10.714554786682129,1038.685302734375,3818.6939305803735,8420.865746843556,0.244993656873703,0.16837842250386997,0.4138638377189636,Pop
129.19921875,2.6859779357910156,2812.522216796875,1936.25411296571,3811.610285047407,0.16489246487617493,0.08918691345781733,0.28220415115356445,Pop
107.666015625,-6.054162979125977,5276.82470703125,1966.4893475610525,4379.106853473298,0.0707351416349411,0.06811976949496903,0.3050868511199951,Pop
92.28515625,6.191452980041504,986.2633666992188,3189.4328540711354,6798.058893067918,0.19658902287483215,0.1598720491486068,0.4007004499435425,Pop
135.99917763157896,10.95882797241211,1135.083251953125,2611.1169639462446,5593.416177377612,0.2589099705219269,0.09595633586493808,0.48126426339149475,Pop
117.45383522727273,6.687793254852295,923.0961303710938,3092.617466550993,6652.726438540054,0.2304171621799469,0.12601964613970587,0.4506925940513611,Pop
117.45383522727273,3.4714901447296143,2481.45361328125,2447.586051514636,5755.49853062113,0.1897917538881302,0.09135092153637771,0.39275336265563965,Pop
117.45383522727273,3.641463041305542,2465.63134765625,2452.778645996145,5793.881631857102,0.1919478476047516,0.08846507352941177,0.3972003757953644,Pop
112.34714673913044,7.19404411315918,1089.9404296875,2936.1404300931167,7075.3905494146675,0.2218637317419052,0.10847629039280186,0.408204585313797,Pop
129.19921875,5.1756391525268555,929.9395141601562,3421.734273525136,7482.188089565596,0.1481868326663971,0.1606558690499226,0.43318405747413635,Pop
117.45383522727273,-7.537365913391113,4173.357421875,2390.288775679664,4981.569877128483,0.10845442116260529,0.09151267414860681,0.27261027693748474,Pop
143.5546875,4.949930667877197,1927.853759765625,3021.548544825382,6537.97713241341,0.19270583987236023,0.11557828826431889,0.4067971110343933,Pop
112.34714673913044,7.501397132873535,634.0934448242188,3887.6206081018795,8479.498725631289,0.20495249330997467,0.20400254571400928,0.43773430585861206,Pop
103.359375,8.84360122680664,838.0430297851562,3669.622862897802,7794.13620325803,0.32223179936408997,0.15593707672213622,0.541917622089386,Pop
129.19921875,-22.064010620117188,2361.744384765625,2632.985931066998,5156.118821654895,0.18823957443237305,0.11856693232391641,0.2812747657299042,Pop
129.19921875,5.165154933929443,1131.0372314453125,3561.8507761561787,7847.985877636416,0.2712985873222351,0.13367492864744582,0.38543498516082764,Pop
103.359375,2.330850839614868,1071.30615234375,3881.078187714604,8198.317092564823,0.24661004543304443,0.16419930945239938,0.40886765718460083,Pop
89.10290948275862,6.818488121032715,1252.72900390625,3460.7481510878756,7306.272486636513,0.2753141224384308,0.12053290683049536,0.48702526092529297,Pop
103.359375,8.877975463867188,838.092529296875,3682.744355236289,7809.036113160313,0.32942572236061096,0.15367480771091332,0.5334804058074951,Pop
99.38401442307692,-3.624176263809204,2096.7041015625,3028.7105254695375,5974.197208180147,0.15420052409172058,0.1449001064241486,0.3465700149536133,Pop
89.10290948275862,6.739795684814453,1214.372314453125,3499.5758498620153,7362.072149223587,0.2765345573425293,0.11954878579721362,0.4797731041908264,Pop
129.19921875,5.165154933929443,1131.0372314453125,3561.8507761561787,7847.985877636416,0.2712985873222351,0.13367492864744582,0.38543498516082764,Pop
95.703125,5.760106563568115,1285.024658203125,2928.509613473217,5991.447103872388,0.22302596271038055,0.11173855335719814,0.45296022295951843,Pop
107.666015625,6.31982946395874,800.888916015625,2505.8275932461665,5441.783760944756,0.37312600016593933,0.10728053042763158,0.29571205377578735,Pop
123.046875,0.10777944326400757,3126.168212890625,1691.7273528509681,3400.1794395801085,0.12243650108575821,0.0691711614744582,0.305787056684494,Pop
129.19921875,-9.8985595703125,2018.8995361328125,3702.4832714444065,7001.307664050406,0.13681025803089142,0.22413621081656346,0.3327081799507141,Pop
117.45383522727273,-1.489903450012207,2462.966796875,2446.8738829092126,5245.901612083979,0.12352956086397171,0.09986031830495357,0.37830063700675964,Pop
107.666015625,9.949462890625,1754.1217041015625,2844.8399337366786,6846.308601308533,0.22023217380046844,0.09404629450464397,0.33768516778945923,Pop
112.34714673913044,3.857935667037964,631.5398559570312,3936.90037568896,8290.733200403927,0.18900947272777557,0.19375770970394737,0.4425501823425293,Pop
129.19921875,0.943088948726654,978.507568359375,3264.1210607629537,6607.476712158959,0.2463502138853073,0.1528599978231424,0.3866031765937805,Pop
107.666015625,9.091011047363281,945.9638671875,2320.31643176613,4895.403731496711,0.21138210594654083,0.09938337485487617,0.5247212052345276,Pop
123.046875,-2.8600049018859863,2824.901611328125,2968.0406596081293,6480.210815051761,0.1564580202102661,0.12778305195433437,0.4220704436302185,Pop
112.34714673913044,3.857935667037964,631.5398559570312,3936.90037568896,8290.733200403927,0.18900947272777557,0.19375770970394737,0.4425501823425293,Pop
117.45383522727273,3.928954839706421,662.6941528320312,2888.2633032136446,6063.09667061726,0.19744056463241577,0.15209734181501547,0.4855988621711731,Pop
129.19921875,5.945239067077637,740.9940185546875,3625.3469409729432,7649.270412574981,0.21417184174060822,0.16797328511996903,0.4212459325790405,Pop
83.35433467741936,0.986321747303009,1796.4114990234375,3556.4062363177513,8086.101104452883,0.2211199849843979,0.13334462074303405,0.36647093296051025,Pop
95.703125,6.697230815887451,934.4427490234375,3521.4035691928016,7439.555014028638,0.19037753343582153,0.14941255079334365,0.40876632928848267,Pop
143.5546875,9.542533874511719,1107.264404296875,3598.800236418995,7792.002882824594,0.2311680018901825,0.1432024598490712,0.4902859926223755,Pop
112.34714673913044,5.38389253616333,990.6436767578125,4233.496606380457,8444.448937572562,0.20995767414569855,0.2334037284732972,0.47214171290397644,Pop
103.359375,4.352161407470703,1281.6080322265625,3095.1843245348305,6472.310862821691,0.2145710587501526,0.13573462896671826,0.4468475878238678,Pop
112.34714673913044,-9.680233001708984,7835.17333984375,2092.848027468028,4695.538273389126,0.037130314856767654,0.07274181259674922,0.36350756883621216,Pop
112.34714673913044,7.208714008331299,1096.0865478515625,2928.4003855957076,7054.657341452206,0.2212991565465927,0.10834023679373066,0.40708887577056885,Pop
143.5546875,-1.960494041442871,2710.1083984375,2261.8754624977505,5260.818188552148,0.09234011173248291,0.08430032169117647,0.38576310873031616,Pop
129.19921875,6.491055011749268,1383.1026611328125,3111.4762342472945,7547.771026327883,0.15635880827903748,0.10077868009868421,0.4321368336677551,Pop
123.046875,4.770287036895752,2120.097900390625,2409.8813168913525,5655.565801567337,0.11963155120611191,0.08523002128482972,0.2860911190509796,Pop
99.38401442307692,0.7555942535400391,1668.711669921875,3745.0525941563997,7859.819139415635,0.18311411142349243,0.16717208059210525,0.42657870054244995,Pop
117.45383522727273,2.936002731323242,1909.87890625,2472.5923216176498,4879.8204923930925,0.20410628616809845,0.12888735366679566,0.46323272585868835,Pop
129.19921875,1.941418170928955,716.0194702148438,3608.843649447355,7605.870675007256,0.12908123433589935,0.19046445675309598,0.38276663422584534,Pop
103.359375,4.365029811859131,934.549072265625,3482.703807937129,7786.586248911572,0.17935164272785187,0.13315641326431887,0.3479703366756439,Pop
99.38401442307692,3.968735694885254,1649.17041015625,3498.087190022865,7115.590306332237,0.2169196605682373,0.1752982597232972,0.4396364092826843,Pop
99.38401442307692,7.641122817993164,742.6854248046875,3392.0926441535867,7204.0731046221945,0.23657377064228058,0.16719248863196595,0.46966367959976196,Pop
103.359375,4.306552886962891,902.751220703125,3495.9061307602,7799.619503434597,0.18220534920692444,0.13450939072174922,0.3489205539226532,Pop
117.45383522727273,6.468491554260254,626.8158569335938,3711.0640252975622,7945.168623318982,0.2630835175514221,0.16212222450657895,0.420312762260437,Pop
107.666015625,7.377821445465088,722.015869140625,3515.4735752206525,7434.755043053406,0.21246753633022308,0.154126808001161,0.4781509339809418,Pop
135.99917763157896,7.068999290466309,535.4880981445312,3278.8373567692306,7351.272214529315,0.23850394785404205,0.12849884505611456,0.4534306228160858,Pop
151.99908088235293,2.579451560974121,1267.834716796875,2895.702408214455,6295.745263823046,0.16338811814785004,0.12985786934017027,0.3136015236377716,Pop
103.359375,8.148985862731934,1257.887939453125,3024.723899897242,7144.623464106037,0.287550687789917,0.1054317131869195,0.37186112999916077,Pop
92.28515625,8.872618675231934,1290.401123046875,3262.3185606506445,7260.822761464783,0.2378404438495636,0.1035866752128483,0.3645659387111664,Pop
99.38401442307692,4.379139423370361,2277.40576171875,3530.06158574271,7651.603731799052,0.20536288619041443,0.13259557009481424,0.47259074449539185,Pop
117.45383522727273,4.443160533905029,872.8380737304688,3766.7013819078848,7640.220467298762,0.19964618980884552,0.18912206124226005,0.4056156873703003,Pop
161.4990234375,2.2397871017456055,2094.784423828125,2708.7517932284695,6546.743746069563,0.13432030379772186,0.10441735802051083,0.3826126456260681,Pop
123.046875,3.9454989433288574,2057.07568359375,2092.244521438647,4499.972789280186,0.16893070936203003,0.0936419129740712,0.40434530377388,Rock
143.5546875,8.135489463806152,2734.22607421875,1410.7247268327153,2949.4154986213234,0.21415172517299652,0.05382129208591331,0.40599188208580017,Rock
107.666015625,2.628964424133301,3382.151611328125,1858.0323026959197,3841.1101066660217,0.14845792949199677,0.07902522131385449,0.43216845393180847,Rock
95.703125,5.153542995452881,3903.95654296875,1434.2729192066765,3072.2480892027866,0.1501283496618271,0.043506917569659444,0.38035544753074646,Rock
103.359375,7.088805198669434,3870.0439453125,1313.0204347251329,2866.2826679808436,0.18941235542297363,0.03760370307662539,0.3838963210582733,Rock
99.38401442307692,3.2219626903533936,2512.25341796875,1650.590409738969,3111.564518128386,0.2055114209651947,0.07989445264125387,0.325336217880249,Rock
112.34714673913044,0.05776812508702278,3158.35791015625,1702.2039905988436,3277.68018031637,0.1699964851140976,0.08708337364551083,0.36372050642967224,Rock
89.10290948275862,2.1990768909454346,4214.72265625,1228.4866435417064,2577.4510811726004,0.1366860568523407,0.04145628749032508,0.35084179043769836,Rock
112.34714673913044,9.134998321533203,1857.4053955078125,1756.8521541936377,3477.4456390286377,0.2709353566169739,0.08610000846555728,0.45531192421913147,Rock
151.99908088235293,0.8157638311386108,5190.66015625,1196.2884058640018,2419.8853672842492,0.11283676326274872,0.04120761174535604,0.39123213291168213,Rock
161.4990234375,4.271803379058838,3022.423095703125,1801.5953670853753,4011.742408209172,0.1464766263961792,0.06975845951044891,0.40568920969963074,Rock
117.45383522727273,2.7926886081695557,3626.46533203125,1647.4356525313199,3581.9450071352553,0.12529347836971283,0.06330271623452012,0.33563193678855896,Rock
112.34714673913044,-2.530005693435669,5495.80224609375,1819.6999158671376,3944.609480819466,0.070977121591568,0.06425660313467492,0.3522394895553589,Rock
123.046875,3.9592998027801514,4687.57177734375,1709.538397092841,4064.325423580205,0.1361125260591507,0.05122191249032508,0.4329831004142761,Rock
117.45383522727273,-5.865312099456787,5791.40673828125,2095.2117474052093,4344.240397639319,0.05736568942666054,0.09038267342298761,0.3742401897907257,Rock
135.99917763157896,-6.170017242431641,3792.181884765625,2231.073843086457,4155.274873621323,0.0863286554813385,0.109619140625,0.34246328473091125,Rock
143.5546875,7.396372318267822,1310.1065673828125,2529.0112767151286,5168.9687439531735,0.17530536651611328,0.14882752031733745,0.4845547080039978,Rock
123.046875,3.7594847679138184,1753.10302734375,2286.2544654354188,4576.588992659153,0.15609616041183472,0.13386615953947367,0.3989204466342926,Rock
117.45383522727273,5.322653770446777,1754.9659423828125,2377.2478632359016,4943.870105093847,0.14199452102184296,0.12634919819078946,0.47406265139579773,Rock
123.046875,-4.807960510253906,2193.27783203125,2401.9103886561406,4800.037641495743,0.09607746452093124,0.14224252612229102,0.41437220573425293,Rock
99.38401442307692,2.5445852279663086,1990.4683837890625,2158.893677996792,4358.023647627225,0.15054458379745483,0.11467655524380804,0.3941323459148407,Rock
129.19921875,2.645084857940674,1818.3360595703125,2219.5234652680747,4378.156859217783,0.15801137685775757,0.12844971458978327,0.39744895696640015,Rock
129.19921875,-0.04462151229381561,1699.43310546875,2332.2578123983694,4532.255927401799,0.17868195474147797,0.13939673834171826,0.3976679742336273,Rock
151.99908088235293,2.501786708831787,1592.269775390625,2633.954940992554,5529.599896599265,0.15211215615272522,0.14224706124226005,0.323994517326355,Rock
151.99908088235293,-1.425054907798767,1732.211181640625,2407.7561425176923,4549.089158946885,0.149430051445961,0.16023788215944273,0.40864983201026917,Rock
103.359375,2.10459041595459,1671.9090576171875,2476.194361976219,4699.304917279412,0.14531247317790985,0.15499301591524767,0.4249066114425659,Rock
117.45383522727273,4.996260643005371,1744.45703125,2336.346919826525,4707.304868904799,0.15080013871192932,0.13085257232004643,0.4081619381904602,Rock
151.99908088235293,2.9165842533111572,1415.08544921875,2769.4735268415307,5758.881843496033,0.08462155610322952,0.1469439338235294,0.48408740758895874,Rock
135.99917763157896,5.711305618286133,1881.8082275390625,2090.0588430771227,4134.841663844814,0.1387040764093399,0.10771892535797213,0.4515407085418701,Rock
123.046875,7.479384899139404,943.5587768554688,2529.49874287125,5254.551559778928,0.16854187846183777,0.12196071376741487,0.447160005569458,Rock
117.45383522727273,1.0848971605300903,2192.419921875,3009.0428736962117,6404.027942385836,0.09884367883205414,0.11459341137770898,0.3870643973350525,Rock
117.45383522727273,-4.590755939483643,2122.794921875,2831.8658092491187,5659.865775565983,0.10312759131193161,0.14214275348297215,0.3849830627441406,Rock
92.28515625,8.705477714538574,868.5060424804688,2348.088142970033,4775.221124891157,0.22256700694561005,0.11275366437693499,0.3852154612541199,Rock
117.45383522727273,-1.6759343147277832,3078.745849609375,1656.236198274917,3274.013535821401,0.11330902576446533,0.08424060927825078,0.2903420627117157,Rock
135.99917763157896,8.059391975402832,670.112548828125,2768.152100785873,5726.598705374419,0.18307383358478546,0.13345573118227555,0.43962669372558594,Rock
129.19921875,7.572733402252197,2519.331298828125,1807.156735738878,4092.408587098491,0.12671542167663574,0.05640101949496904,0.43497106432914734,Rock
135.99917763157896,9.546647071838379,595.1793212890625,2859.3538275394444,5984.947143176761,0.2160830944776535,0.14398325633707432,0.41774627566337585,Rock
129.19921875,3.276367425918579,1434.927734375,2522.9297956052983,4715.871483770317,0.1150614470243454,0.14002938757739938,0.45216161012649536,Rock
129.19921875,6.722289085388184,623.2431640625,2837.753065611501,5966.513921306599,0.22595900297164917,0.14208304107004643,0.4127137362957001,Rock
143.5546875,3.365945816040039,1069.05859375,2687.1394845798095,5741.831946594427,0.13286356627941132,0.12950186242260062,0.41055986285209656,Rock
112.34714673913044,5.204661846160889,962.3912963867188,2955.3648850560194,6026.496891931115,0.1489940881729126,0.13795834945820434,0.4183458685874939,Rock
117.45383522727273,5.405312538146973,759.383056640625,2812.4864216899045,5721.982066623936,0.16637760400772095,0.14510343096942724,0.3939768970012665,Rock
161.4990234375,3.643949270248413,1256.2974853515625,2810.74802363321,5879.697779605263,0.12541472911834717,0.1389787514512384,0.4546518325805664,Rock
89.10290948275862,3.067551374435425,1400.361572265625,2819.2934004603535,5424.300533330108,0.13974083960056305,0.1497602433243034,0.43318867683410645,Rock
92.28515625,3.407118320465088,2702.520263671875,1784.555189759991,3930.776231133901,0.12685003876686096,0.06986579068304953,0.35340389609336853,Rock
151.99908088235293,-4.115317344665527,5441.79833984375,1520.0787858248625,3169.597500544214,0.09356532245874405,0.0759473865615325,0.35892146825790405,Rock
103.359375,0.8528516888618469,1521.186279296875,2526.7410621759805,5193.7352608601,0.12682625651359558,0.12585109084752322,0.3411974012851715,Rock
107.666015625,1.9231436252593994,1034.9197998046875,3027.7839402816558,6052.963398558437,0.13243776559829712,0.15588794625580496,0.4502016007900238,Rock
129.19921875,1.4781523942947388,2656.3310546875,1632.1520880070623,3178.697445518092,0.14730381965637207,0.08372662901509288,0.3244064450263977,Rock
112.34714673913044,-2.2170825004577637,6371.740234375,1258.7094693280087,2569.867793694369,0.06388359516859055,0.05585680509868421,0.363418310880661,Rock
123.046875,5.961607456207275,2756.40966796875,1879.2466724404405,4187.124681029895,0.1505815088748932,0.05954234592685759,0.3838817775249481,Rock
172.265625,5.910492420196533,1101.16552734375,3144.362180788573,6950.191306477361,0.15154477953910828,0.12729174729102166,0.3680419921875,Rock
129.19921875,-4.212348461151123,4044.46142578125,1996.1920875512199,4064.9587530838817,0.13552217185497284,0.07170553768382353,0.310924232006073,Rock
117.45383522727273,7.988114833831787,367.4079895019531,3364.744425429863,6943.074682843943,0.18592633306980133,0.1857849687983746,0.41571319103240967,Rock
107.666015625,-10.09615707397461,2239.205078125,2855.544285024139,5722.282064809888,0.06574483215808868,0.14296512190402477,0.3347429931163788,Rock
129.19921875,2.7435922622680664,2270.17626953125,1755.1758524885097,3779.377146623452,0.1427648961544037,0.06776527428405572,0.4191208779811859,Rock
135.99917763157896,8.57726764678955,487.91204833984375,3347.477325008144,6793.008923604392,0.17540942132472992,0.18056277815402477,0.493145614862442,Rock
123.046875,3.3314476013183594,977.4964599609375,3390.576391037826,7600.854038675503,0.1212243139743805,0.16090681235487617,0.3892727792263031,Rock
135.99917763157896,-1.8400988578796387,2494.630859375,2603.7088842494104,5803.881571388835,0.08875313401222229,0.10667433605843653,0.2981537878513336,Rock
117.45383522727273,-2.67216420173645,5133.2939453125,2342.4646231280194,5489.4501393793535,0.052009571343660355,0.08043715533088236,0.34435826539993286,Rock
86.1328125,2.0815250873565674,1393.1590576171875,2754.143009584325,6122.662977094621,0.10306581854820251,0.12762734616873064,0.40026596188545227,Rock
123.046875,-2.490468740463257,4422.568359375,2013.3769776943514,4560.139092129451,0.08818413317203522,0.06558161401896284,0.2948262691497803,Rock
123.046875,-4.948227882385254,4344.8662109375,2968.3442843881976,6897.191626959172,0.06203627958893776,0.11458963211106811,0.32673364877700806,Rock
129.19921875,-6.500754356384277,10390.7939453125,1559.8370667643612,3076.5980628990906,0.0513300746679306,0.04778126814047988,0.33600693941116333,Rock
103.359375,-1.989972472190857,2912.91259765625,2249.9396000658694,4920.270247798955,0.10110726207494736,0.10688975425696594,0.37400951981544495,Rock
123.046875,2.3249552249908447,2411.90771484375,2324.3960365680978,4812.8542306622485,0.11010869592428207,0.12997200319272445,0.3893653154373169,Rock
78.30255681818181,-14.827112197875977,8586.5556640625,2208.9493503450985,4750.954604960816,0.027633976191282272,0.1015881990131579,0.35712796449661255,Rock
107.666015625,-1.1272287368774414,2626.12451171875,2550.300662969247,5349.817650384578,0.08786047250032425,0.13647612108165635,0.3765835762023926,Rock
123.046875,0.33407318592071533,2455.801025390625,2566.035875971843,5561.066372992454,0.08988494426012039,0.1257603884481424,0.39476537704467773,Rock
112.34714673913044,-8.044677734375,4672.3720703125,2405.969049709306,5111.13576032798,0.044969722628593445,0.12099775662732198,0.31930986046791077,Rock
112.34714673913044,-7.127686977386475,4211.58251953125,2585.362182129005,5081.635938709365,0.05910773575305939,0.15021073190789475,0.3888077437877655,Rock
112.34714673913044,6.508350372314453,2299.94091796875,2087.4661061832876,4770.187821993518,0.14799246191978455,0.0941702544504644,0.4334842264652252,Rock
103.359375,5.936066627502441,2576.91845703125,1906.2148436301823,4378.2568586131,0.15192539989948273,0.0746473188370743,0.40595728158950806,Rock
95.703125,7.236856460571289,1754.293212890625,2212.7013747730584,4907.353659237132,0.1714705526828766,0.11088065982972137,0.47158557176589966,Rock
112.34714673913044,5.451157093048096,2188.790771484375,2213.246372596312,5000.7530944635255,0.14628379046916962,0.09161017922794118,0.3834754228591919,Rock
123.046875,3.679610252380371,2621.91796875,2263.1718839120426,4970.719942736552,0.12788815796375275,0.1119637976489938,0.3921276926994324,Rock
95.703125,4.323849678039551,3003.29931640625,1814.9992737096456,3895.0764470056115,0.1500444859266281,0.08268581898219814,0.36111679673194885,Rock
107.666015625,4.305548191070557,2525.401611328125,2158.607979379276,5041.436181791796,0.12439855188131332,0.10112939604295666,0.4559592306613922,Rock
99.38401442307692,3.614659070968628,3369.205322265625,1841.597859249436,4179.041396575078,0.13194182515144348,0.07023237954721362,0.35708513855934143,Rock
123.046875,2.1087076663970947,2401.229248046875,2099.652187165137,4433.10652694466,0.1128230169415474,0.10225864091524768,0.36957088112831116,Rock
117.45383522727273,-0.3856180012226105,2194.223388671875,2550.698345133285,5178.0353557952785,0.09574805200099945,0.14756373355263158,0.36551931500434875,Rock
117.45383522727273,-6.499042510986328,3072.697509765625,2749.838228362276,5426.733851949497,0.08142499625682831,0.15186982996323528,0.36056363582611084,Rock
99.38401442307692,-0.3254568874835968,2241.98681640625,2945.199559647801,5869.347842189919,0.08710204809904099,0.18143125362809598,0.4100317656993866,Rock
123.046875,2.1016616821289062,2728.78369140625,2117.8811161810504,4717.238142172988,0.09739493578672409,0.0914053429760062,0.38396957516670227,Rock
129.19921875,2.6018900871276855,2257.35302734375,2516.4701381147747,5310.267889536572,0.10072020441293716,0.13015189628482973,0.38006654381752014,Rock
95.703125,-13.019440650939941,4665.369140625,2318.2101279261024,4569.872366607005,0.0510108657181263,0.1279810855263158,0.3349376916885376,Rock
129.19921875,0.9638137221336365,2004.046630859375,2517.2133972459383,4656.338510424729,0.11548945307731628,0.1631146599264706,0.42713549733161926,Rock
129.19921875,5.874464511871338,1652.472412109375,2317.6588787694936,4741.387996142124,0.1644514501094818,0.12677020849458204,0.3857063055038452,Rock
92.28515625,-4.442795753479004,2816.153076171875,2564.447788906327,4823.487499697659,0.08149019628763199,0.16080703971555727,0.4393283426761627,Rock
107.666015625,0.5615777969360352,4142.84375,1523.3097666018436,3274.0468689531735,0.10012722760438919,0.06530421584752322,0.342081755399704,Rock
123.046875,-3.6619033813476562,2257.47900390625,2650.008170060509,5442.78375489793,0.13110816478729248,0.13053738148219815,0.27614954113960266,Rock
143.5546875,1.8464101552963257,2073.56005859375,2446.987719133588,4762.304536329334,0.10577184706926346,0.14605429445626936,0.4329647123813629,Rock
129.19921875,-1.1275756359100342,1846.310302734375,2415.8982141149786,4558.689100897349,0.10282208025455475,0.14659472958591332,0.4183008074760437,Rock
103.359375,-1.1216731071472168,2958.212646484375,1867.7820058065563,3565.6617722644155,0.10567887872457504,0.09515210792376161,0.33296939730644226,Rock
112.34714673913044,-1.0078768730163574,1707.2496337890625,2644.104633135458,4994.736464178599,0.11048664897680283,0.15988792206849844,0.3955501317977905,Rock
103.359375,-2.6758179664611816,4233.45751953125,1895.868036662157,4030.358962304083,0.06806140393018723,0.07914615784636223,0.32589712738990784,Rock
117.45383522727273,-3.1304914951324463,4054.40380859375,2016.104932301619,4229.2410930243805,0.0618378147482872,0.09241516302244582,0.40481212735176086,Rock
129.19921875,-1.988168478012085,3515.929443359375,1938.6939973480655,3909.076362350039,0.07284321635961533,0.10418531104876161,0.4058345854282379,Rock
112.34714673913044,1.0911061763763428,4750.56591796875,1456.0161564134999,3173.1808122097523,0.09505666047334671,0.050621009094427245,0.3706692159175873,Rock
123.046875,-4.342715740203857,7126.80859375,1534.6455487109579,3092.0646360415053,0.05344987288117409,0.07040471410603716,0.35166627168655396,Rock
